2025-07-07 15:57:47,850 [INFO] NumExpr defaulting to 8 threads.
2025-07-07 15:59:27,530 [INFO] NumExpr defaulting to 8 threads.
2025-07-07 16:01:59,652 [INFO] NumExpr defaulting to 8 threads.
2025-07-07 16:02:10,447 [INFO] MongoDB----------
2025-07-07 16:06:07,617 [INFO] NumExpr defaulting to 8 threads.
2025-07-07 16:06:58,892 [INFO] MongoDB----------
2025-07-07 16:07:29,028 [ERROR] Error in creating record: SSL handshake failed: ac-jry7vlq-shard-00-02.i7ysybh.mongodb.net:27017: _ssl.c:999: The handshake operation timed out (configured timeouts: socketTimeoutMS: 20000.0ms, connectTimeoutMS: 20000.0ms),SSL handshake failed: ac-jry7vlq-shard-00-01.i7ysybh.mongodb.net:27017: _ssl.c:999: The handshake operation timed out (configured timeouts: socketTimeoutMS: 20000.0ms, connectTimeoutMS: 20000.0ms),SSL handshake failed: ac-jry7vlq-shard-00-00.i7ysybh.mongodb.net:27017: _ssl.c:999: The handshake operation timed out (configured timeouts: socketTimeoutMS: 20000.0ms, connectTimeoutMS: 20000.0ms), Timeout: 30s, Topology Description: <TopologyDescription id: 686c28ae88c25a21b062dc61, topology_type: ReplicaSetNoPrimary, servers: [<ServerDescription ('ac-jry7vlq-shard-00-00.i7ysybh.mongodb.net', 27017) server_type: Unknown, rtt: None, error=NetworkTimeout('SSL handshake failed: ac-jry7vlq-shard-00-00.i7ysybh.mongodb.net:27017: _ssl.c:999: The handshake operation timed out (configured timeouts: socketTimeoutMS: 20000.0ms, connectTimeoutMS: 20000.0ms)')>, <ServerDescription ('ac-jry7vlq-shard-00-01.i7ysybh.mongodb.net', 27017) server_type: Unknown, rtt: None, error=NetworkTimeout('SSL handshake failed: ac-jry7vlq-shard-00-01.i7ysybh.mongodb.net:27017: _ssl.c:999: The handshake operation timed out (configured timeouts: socketTimeoutMS: 20000.0ms, connectTimeoutMS: 20000.0ms)')>, <ServerDescription ('ac-jry7vlq-shard-00-02.i7ysybh.mongodb.net', 27017) server_type: Unknown, rtt: None, error=NetworkTimeout('SSL handshake failed: ac-jry7vlq-shard-00-02.i7ysybh.mongodb.net:27017: _ssl.c:999: The handshake operation timed out (configured timeouts: socketTimeoutMS: 20000.0ms, connectTimeoutMS: 20000.0ms)')>]>
2025-07-07 16:07:59,323 [ERROR] Error updating record: SSL handshake failed: ac-jry7vlq-shard-00-02.i7ysybh.mongodb.net:27017: _ssl.c:999: The handshake operation timed out (configured timeouts: socketTimeoutMS: 20000.0ms, connectTimeoutMS: 20000.0ms),SSL handshake failed: ac-jry7vlq-shard-00-01.i7ysybh.mongodb.net:27017: _ssl.c:999: The handshake operation timed out (configured timeouts: socketTimeoutMS: 20000.0ms, connectTimeoutMS: 20000.0ms),SSL handshake failed: ac-jry7vlq-shard-00-00.i7ysybh.mongodb.net:27017: _ssl.c:999: The handshake operation timed out (configured timeouts: socketTimeoutMS: 20000.0ms, connectTimeoutMS: 20000.0ms), Timeout: 30s, Topology Description: <TopologyDescription id: 686c28ae88c25a21b062dc61, topology_type: ReplicaSetNoPrimary, servers: [<ServerDescription ('ac-jry7vlq-shard-00-00.i7ysybh.mongodb.net', 27017) server_type: Unknown, rtt: None, error=NetworkTimeout('SSL handshake failed: ac-jry7vlq-shard-00-00.i7ysybh.mongodb.net:27017: _ssl.c:999: The handshake operation timed out (configured timeouts: socketTimeoutMS: 20000.0ms, connectTimeoutMS: 20000.0ms)')>, <ServerDescription ('ac-jry7vlq-shard-00-01.i7ysybh.mongodb.net', 27017) server_type: Unknown, rtt: None, error=NetworkTimeout('SSL handshake failed: ac-jry7vlq-shard-00-01.i7ysybh.mongodb.net:27017: _ssl.c:999: The handshake operation timed out (configured timeouts: socketTimeoutMS: 20000.0ms, connectTimeoutMS: 20000.0ms)')>, <ServerDescription ('ac-jry7vlq-shard-00-02.i7ysybh.mongodb.net', 27017) server_type: Unknown, rtt: None, error=NetworkTimeout('SSL handshake failed: ac-jry7vlq-shard-00-02.i7ysybh.mongodb.net:27017: _ssl.c:999: The handshake operation timed out (configured timeouts: socketTimeoutMS: 20000.0ms, connectTimeoutMS: 20000.0ms)')>]>
2025-07-07 16:09:33,564 [INFO] NumExpr defaulting to 8 threads.
2025-07-07 16:09:47,718 [INFO] MongoDB----------
2025-07-07 16:10:17,839 [ERROR] Error in creating record: SSL handshake failed: ac-jry7vlq-shard-00-01.i7ysybh.mongodb.net:27017: _ssl.c:999: The handshake operation timed out (configured timeouts: socketTimeoutMS: 20000.0ms, connectTimeoutMS: 20000.0ms),SSL handshake failed: ac-jry7vlq-shard-00-02.i7ysybh.mongodb.net:27017: _ssl.c:999: The handshake operation timed out (configured timeouts: socketTimeoutMS: 20000.0ms, connectTimeoutMS: 20000.0ms),SSL handshake failed: ac-jry7vlq-shard-00-00.i7ysybh.mongodb.net:27017: _ssl.c:999: The handshake operation timed out (configured timeouts: socketTimeoutMS: 20000.0ms, connectTimeoutMS: 20000.0ms), Timeout: 30s, Topology Description: <TopologyDescription id: 686c297c112db2b8213ade2e, topology_type: ReplicaSetNoPrimary, servers: [<ServerDescription ('ac-jry7vlq-shard-00-00.i7ysybh.mongodb.net', 27017) server_type: Unknown, rtt: None, error=NetworkTimeout('SSL handshake failed: ac-jry7vlq-shard-00-00.i7ysybh.mongodb.net:27017: _ssl.c:999: The handshake operation timed out (configured timeouts: socketTimeoutMS: 20000.0ms, connectTimeoutMS: 20000.0ms)')>, <ServerDescription ('ac-jry7vlq-shard-00-01.i7ysybh.mongodb.net', 27017) server_type: Unknown, rtt: None, error=NetworkTimeout('SSL handshake failed: ac-jry7vlq-shard-00-01.i7ysybh.mongodb.net:27017: _ssl.c:999: The handshake operation timed out (configured timeouts: socketTimeoutMS: 20000.0ms, connectTimeoutMS: 20000.0ms)')>, <ServerDescription ('ac-jry7vlq-shard-00-02.i7ysybh.mongodb.net', 27017) server_type: Unknown, rtt: None, error=NetworkTimeout('SSL handshake failed: ac-jry7vlq-shard-00-02.i7ysybh.mongodb.net:27017: _ssl.c:999: The handshake operation timed out (configured timeouts: socketTimeoutMS: 20000.0ms, connectTimeoutMS: 20000.0ms)')>]>
2025-07-07 16:10:48,078 [ERROR] Error updating record: SSL handshake failed: ac-jry7vlq-shard-00-01.i7ysybh.mongodb.net:27017: _ssl.c:999: The handshake operation timed out (configured timeouts: socketTimeoutMS: 20000.0ms, connectTimeoutMS: 20000.0ms),SSL handshake failed: ac-jry7vlq-shard-00-02.i7ysybh.mongodb.net:27017: _ssl.c:999: The handshake operation timed out (configured timeouts: socketTimeoutMS: 20000.0ms, connectTimeoutMS: 20000.0ms),SSL handshake failed: ac-jry7vlq-shard-00-00.i7ysybh.mongodb.net:27017: _ssl.c:999: The handshake operation timed out (configured timeouts: socketTimeoutMS: 20000.0ms, connectTimeoutMS: 20000.0ms), Timeout: 30s, Topology Description: <TopologyDescription id: 686c297c112db2b8213ade2e, topology_type: ReplicaSetNoPrimary, servers: [<ServerDescription ('ac-jry7vlq-shard-00-00.i7ysybh.mongodb.net', 27017) server_type: Unknown, rtt: None, error=NetworkTimeout('SSL handshake failed: ac-jry7vlq-shard-00-00.i7ysybh.mongodb.net:27017: _ssl.c:999: The handshake operation timed out (configured timeouts: socketTimeoutMS: 20000.0ms, connectTimeoutMS: 20000.0ms)')>, <ServerDescription ('ac-jry7vlq-shard-00-01.i7ysybh.mongodb.net', 27017) server_type: Unknown, rtt: None, error=NetworkTimeout('SSL handshake failed: ac-jry7vlq-shard-00-01.i7ysybh.mongodb.net:27017: _ssl.c:999: The handshake operation timed out (configured timeouts: socketTimeoutMS: 20000.0ms, connectTimeoutMS: 20000.0ms)')>, <ServerDescription ('ac-jry7vlq-shard-00-02.i7ysybh.mongodb.net', 27017) server_type: Unknown, rtt: None, error=NetworkTimeout('SSL handshake failed: ac-jry7vlq-shard-00-02.i7ysybh.mongodb.net:27017: _ssl.c:999: The handshake operation timed out (configured timeouts: socketTimeoutMS: 20000.0ms, connectTimeoutMS: 20000.0ms)')>]>
2025-07-07 16:12:09,964 [INFO] NumExpr defaulting to 8 threads.
2025-07-07 16:12:29,602 [INFO] MongoDB----------
2025-07-07 16:12:59,941 [ERROR] Error in creating record: SSL handshake failed: ac-jry7vlq-shard-00-00.i7ysybh.mongodb.net:27017: _ssl.c:999: The handshake operation timed out (configured timeouts: socketTimeoutMS: 20000.0ms, connectTimeoutMS: 20000.0ms),SSL handshake failed: ac-jry7vlq-shard-00-02.i7ysybh.mongodb.net:27017: _ssl.c:999: The handshake operation timed out (configured timeouts: socketTimeoutMS: 20000.0ms, connectTimeoutMS: 20000.0ms),SSL handshake failed: ac-jry7vlq-shard-00-01.i7ysybh.mongodb.net:27017: _ssl.c:999: The handshake operation timed out (configured timeouts: socketTimeoutMS: 20000.0ms, connectTimeoutMS: 20000.0ms), Timeout: 30s, Topology Description: <TopologyDescription id: 686c2a19a88e86ce17de576d, topology_type: ReplicaSetNoPrimary, servers: [<ServerDescription ('ac-jry7vlq-shard-00-00.i7ysybh.mongodb.net', 27017) server_type: Unknown, rtt: None, error=NetworkTimeout('SSL handshake failed: ac-jry7vlq-shard-00-00.i7ysybh.mongodb.net:27017: _ssl.c:999: The handshake operation timed out (configured timeouts: socketTimeoutMS: 20000.0ms, connectTimeoutMS: 20000.0ms)')>, <ServerDescription ('ac-jry7vlq-shard-00-01.i7ysybh.mongodb.net', 27017) server_type: Unknown, rtt: None, error=NetworkTimeout('SSL handshake failed: ac-jry7vlq-shard-00-01.i7ysybh.mongodb.net:27017: _ssl.c:999: The handshake operation timed out (configured timeouts: socketTimeoutMS: 20000.0ms, connectTimeoutMS: 20000.0ms)')>, <ServerDescription ('ac-jry7vlq-shard-00-02.i7ysybh.mongodb.net', 27017) server_type: Unknown, rtt: None, error=NetworkTimeout('SSL handshake failed: ac-jry7vlq-shard-00-02.i7ysybh.mongodb.net:27017: _ssl.c:999: The handshake operation timed out (configured timeouts: socketTimeoutMS: 20000.0ms, connectTimeoutMS: 20000.0ms)')>]>
2025-07-07 16:13:30,159 [ERROR] Error updating record: SSL handshake failed: ac-jry7vlq-shard-00-00.i7ysybh.mongodb.net:27017: _ssl.c:999: The handshake operation timed out (configured timeouts: socketTimeoutMS: 20000.0ms, connectTimeoutMS: 20000.0ms),SSL handshake failed: ac-jry7vlq-shard-00-02.i7ysybh.mongodb.net:27017: _ssl.c:999: The handshake operation timed out (configured timeouts: socketTimeoutMS: 20000.0ms, connectTimeoutMS: 20000.0ms),SSL handshake failed: ac-jry7vlq-shard-00-01.i7ysybh.mongodb.net:27017: _ssl.c:999: The handshake operation timed out (configured timeouts: socketTimeoutMS: 20000.0ms, connectTimeoutMS: 20000.0ms), Timeout: 30s, Topology Description: <TopologyDescription id: 686c2a19a88e86ce17de576d, topology_type: ReplicaSetNoPrimary, servers: [<ServerDescription ('ac-jry7vlq-shard-00-00.i7ysybh.mongodb.net', 27017) server_type: Unknown, rtt: None, error=NetworkTimeout('SSL handshake failed: ac-jry7vlq-shard-00-00.i7ysybh.mongodb.net:27017: _ssl.c:999: The handshake operation timed out (configured timeouts: socketTimeoutMS: 20000.0ms, connectTimeoutMS: 20000.0ms)')>, <ServerDescription ('ac-jry7vlq-shard-00-01.i7ysybh.mongodb.net', 27017) server_type: Unknown, rtt: None, error=NetworkTimeout('SSL handshake failed: ac-jry7vlq-shard-00-01.i7ysybh.mongodb.net:27017: _ssl.c:999: The handshake operation timed out (configured timeouts: socketTimeoutMS: 20000.0ms, connectTimeoutMS: 20000.0ms)')>, <ServerDescription ('ac-jry7vlq-shard-00-02.i7ysybh.mongodb.net', 27017) server_type: Unknown, rtt: None, error=NetworkTimeout('SSL handshake failed: ac-jry7vlq-shard-00-02.i7ysybh.mongodb.net:27017: _ssl.c:999: The handshake operation timed out (configured timeouts: socketTimeoutMS: 20000.0ms, connectTimeoutMS: 20000.0ms)')>]>
2025-07-07 16:16:11,221 [INFO] NumExpr defaulting to 8 threads.
2025-07-07 16:16:39,278 [INFO] MongoDB----------
2025-07-07 16:17:09,735 [ERROR] Error in creating record: SSL handshake failed: ac-jry7vlq-shard-00-00.i7ysybh.mongodb.net:27017: _ssl.c:999: The handshake operation timed out (configured timeouts: socketTimeoutMS: 20000.0ms, connectTimeoutMS: 20000.0ms),SSL handshake failed: ac-jry7vlq-shard-00-01.i7ysybh.mongodb.net:27017: _ssl.c:999: The handshake operation timed out (configured timeouts: socketTimeoutMS: 20000.0ms, connectTimeoutMS: 20000.0ms),SSL handshake failed: ac-jry7vlq-shard-00-02.i7ysybh.mongodb.net:27017: _ssl.c:999: The handshake operation timed out (configured timeouts: socketTimeoutMS: 20000.0ms, connectTimeoutMS: 20000.0ms), Timeout: 30s, Topology Description: <TopologyDescription id: 686c2b0aacbd676f11c77a42, topology_type: ReplicaSetNoPrimary, servers: [<ServerDescription ('ac-jry7vlq-shard-00-00.i7ysybh.mongodb.net', 27017) server_type: Unknown, rtt: None, error=NetworkTimeout('SSL handshake failed: ac-jry7vlq-shard-00-00.i7ysybh.mongodb.net:27017: _ssl.c:999: The handshake operation timed out (configured timeouts: socketTimeoutMS: 20000.0ms, connectTimeoutMS: 20000.0ms)')>, <ServerDescription ('ac-jry7vlq-shard-00-01.i7ysybh.mongodb.net', 27017) server_type: Unknown, rtt: None, error=NetworkTimeout('SSL handshake failed: ac-jry7vlq-shard-00-01.i7ysybh.mongodb.net:27017: _ssl.c:999: The handshake operation timed out (configured timeouts: socketTimeoutMS: 20000.0ms, connectTimeoutMS: 20000.0ms)')>, <ServerDescription ('ac-jry7vlq-shard-00-02.i7ysybh.mongodb.net', 27017) server_type: Unknown, rtt: None, error=NetworkTimeout('SSL handshake failed: ac-jry7vlq-shard-00-02.i7ysybh.mongodb.net:27017: _ssl.c:999: The handshake operation timed out (configured timeouts: socketTimeoutMS: 20000.0ms, connectTimeoutMS: 20000.0ms)')>]>
2025-07-07 16:17:39,929 [ERROR] Error updating record: SSL handshake failed: ac-jry7vlq-shard-00-00.i7ysybh.mongodb.net:27017: _ssl.c:999: The handshake operation timed out (configured timeouts: socketTimeoutMS: 20000.0ms, connectTimeoutMS: 20000.0ms),SSL handshake failed: ac-jry7vlq-shard-00-01.i7ysybh.mongodb.net:27017: _ssl.c:999: The handshake operation timed out (configured timeouts: socketTimeoutMS: 20000.0ms, connectTimeoutMS: 20000.0ms),SSL handshake failed: ac-jry7vlq-shard-00-02.i7ysybh.mongodb.net:27017: _ssl.c:999: The handshake operation timed out (configured timeouts: socketTimeoutMS: 20000.0ms, connectTimeoutMS: 20000.0ms), Timeout: 30s, Topology Description: <TopologyDescription id: 686c2b0aacbd676f11c77a42, topology_type: ReplicaSetNoPrimary, servers: [<ServerDescription ('ac-jry7vlq-shard-00-00.i7ysybh.mongodb.net', 27017) server_type: Unknown, rtt: None, error=NetworkTimeout('SSL handshake failed: ac-jry7vlq-shard-00-00.i7ysybh.mongodb.net:27017: _ssl.c:999: The handshake operation timed out (configured timeouts: socketTimeoutMS: 20000.0ms, connectTimeoutMS: 20000.0ms)')>, <ServerDescription ('ac-jry7vlq-shard-00-01.i7ysybh.mongodb.net', 27017) server_type: Unknown, rtt: None, error=NetworkTimeout('SSL handshake failed: ac-jry7vlq-shard-00-01.i7ysybh.mongodb.net:27017: _ssl.c:999: The handshake operation timed out (configured timeouts: socketTimeoutMS: 20000.0ms, connectTimeoutMS: 20000.0ms)')>, <ServerDescription ('ac-jry7vlq-shard-00-02.i7ysybh.mongodb.net', 27017) server_type: Unknown, rtt: None, error=NetworkTimeout('SSL handshake failed: ac-jry7vlq-shard-00-02.i7ysybh.mongodb.net:27017: _ssl.c:999: The handshake operation timed out (configured timeouts: socketTimeoutMS: 20000.0ms, connectTimeoutMS: 20000.0ms)')>]>
2025-07-07 16:24:03,057 [INFO] NumExpr defaulting to 8 threads.
2025-07-07 16:24:12,210 [INFO] MongoDB----------
2025-07-07 16:24:42,633 [ERROR] Error in creating record: SSL handshake failed: ac-jry7vlq-shard-00-01.i7ysybh.mongodb.net:27017: _ssl.c:999: The handshake operation timed out (configured timeouts: socketTimeoutMS: 20000.0ms, connectTimeoutMS: 20000.0ms),SSL handshake failed: ac-jry7vlq-shard-00-00.i7ysybh.mongodb.net:27017: _ssl.c:999: The handshake operation timed out (configured timeouts: socketTimeoutMS: 20000.0ms, connectTimeoutMS: 20000.0ms),SSL handshake failed: ac-jry7vlq-shard-00-02.i7ysybh.mongodb.net:27017: _ssl.c:999: The handshake operation timed out (configured timeouts: socketTimeoutMS: 20000.0ms, connectTimeoutMS: 20000.0ms), Timeout: 30s, Topology Description: <TopologyDescription id: 686c2ce1e6fdf24f8088a85e, topology_type: ReplicaSetNoPrimary, servers: [<ServerDescription ('ac-jry7vlq-shard-00-00.i7ysybh.mongodb.net', 27017) server_type: Unknown, rtt: None, error=NetworkTimeout('SSL handshake failed: ac-jry7vlq-shard-00-00.i7ysybh.mongodb.net:27017: _ssl.c:999: The handshake operation timed out (configured timeouts: socketTimeoutMS: 20000.0ms, connectTimeoutMS: 20000.0ms)')>, <ServerDescription ('ac-jry7vlq-shard-00-01.i7ysybh.mongodb.net', 27017) server_type: Unknown, rtt: None, error=NetworkTimeout('SSL handshake failed: ac-jry7vlq-shard-00-01.i7ysybh.mongodb.net:27017: _ssl.c:999: The handshake operation timed out (configured timeouts: socketTimeoutMS: 20000.0ms, connectTimeoutMS: 20000.0ms)')>, <ServerDescription ('ac-jry7vlq-shard-00-02.i7ysybh.mongodb.net', 27017) server_type: Unknown, rtt: None, error=NetworkTimeout('SSL handshake failed: ac-jry7vlq-shard-00-02.i7ysybh.mongodb.net:27017: _ssl.c:999: The handshake operation timed out (configured timeouts: socketTimeoutMS: 20000.0ms, connectTimeoutMS: 20000.0ms)')>]>
2025-07-07 16:25:12,643 [ERROR] Error updating record: SSL handshake failed: ac-jry7vlq-shard-00-01.i7ysybh.mongodb.net:27017: _ssl.c:999: The handshake operation timed out (configured timeouts: socketTimeoutMS: 20000.0ms, connectTimeoutMS: 20000.0ms),SSL handshake failed: ac-jry7vlq-shard-00-00.i7ysybh.mongodb.net:27017: _ssl.c:999: The handshake operation timed out (configured timeouts: socketTimeoutMS: 20000.0ms, connectTimeoutMS: 20000.0ms),SSL handshake failed: ac-jry7vlq-shard-00-02.i7ysybh.mongodb.net:27017: _ssl.c:999: The handshake operation timed out (configured timeouts: socketTimeoutMS: 20000.0ms, connectTimeoutMS: 20000.0ms), Timeout: 30s, Topology Description: <TopologyDescription id: 686c2ce1e6fdf24f8088a85e, topology_type: ReplicaSetNoPrimary, servers: [<ServerDescription ('ac-jry7vlq-shard-00-00.i7ysybh.mongodb.net', 27017) server_type: Unknown, rtt: None, error=NetworkTimeout('SSL handshake failed: ac-jry7vlq-shard-00-00.i7ysybh.mongodb.net:27017: _ssl.c:999: The handshake operation timed out (configured timeouts: socketTimeoutMS: 20000.0ms, connectTimeoutMS: 20000.0ms)')>, <ServerDescription ('ac-jry7vlq-shard-00-01.i7ysybh.mongodb.net', 27017) server_type: Unknown, rtt: None, error=NetworkTimeout('SSL handshake failed: ac-jry7vlq-shard-00-01.i7ysybh.mongodb.net:27017: _ssl.c:999: The handshake operation timed out (configured timeouts: socketTimeoutMS: 20000.0ms, connectTimeoutMS: 20000.0ms)')>, <ServerDescription ('ac-jry7vlq-shard-00-02.i7ysybh.mongodb.net', 27017) server_type: Unknown, rtt: None, error=NetworkTimeout('SSL handshake failed: ac-jry7vlq-shard-00-02.i7ysybh.mongodb.net:27017: _ssl.c:999: The handshake operation timed out (configured timeouts: socketTimeoutMS: 20000.0ms, connectTimeoutMS: 20000.0ms)')>]>
2025-07-07 16:26:05,042 [INFO] NumExpr defaulting to 8 threads.
2025-07-07 16:26:10,403 [INFO] MongoDB----------
2025-07-07 16:26:40,873 [ERROR] Error in creating record: cluster0.i7ysybh.mongodb.net:27017: [Errno 11001] getaddrinfo failed (configured timeouts: socketTimeoutMS: 20000.0ms, connectTimeoutMS: 20000.0ms), Timeout: 30s, Topology Description: <TopologyDescription id: 686c2d5c16f01a24bab96584, topology_type: Unknown, servers: [<ServerDescription ('cluster0.i7ysybh.mongodb.net', 27017) server_type: Unknown, rtt: None, error=AutoReconnect('cluster0.i7ysybh.mongodb.net:27017: [Errno 11001] getaddrinfo failed (configured timeouts: socketTimeoutMS: 20000.0ms, connectTimeoutMS: 20000.0ms)')>]>
2025-07-07 16:27:11,020 [ERROR] Error updating record: cluster0.i7ysybh.mongodb.net:27017: [Errno 11001] getaddrinfo failed (configured timeouts: socketTimeoutMS: 20000.0ms, connectTimeoutMS: 20000.0ms), Timeout: 30s, Topology Description: <TopologyDescription id: 686c2d5c16f01a24bab96584, topology_type: Unknown, servers: [<ServerDescription ('cluster0.i7ysybh.mongodb.net', 27017) server_type: Unknown, rtt: None, error=AutoReconnect('cluster0.i7ysybh.mongodb.net:27017: [Errno 11001] getaddrinfo failed (configured timeouts: socketTimeoutMS: 20000.0ms, connectTimeoutMS: 20000.0ms)')>]>
2025-07-07 16:32:29,461 [INFO] NumExpr defaulting to 8 threads.
2025-07-07 16:32:36,184 [INFO] MongoDB----------
2025-07-07 16:33:06,371 [ERROR] Error in creating record: SSL handshake failed: ac-jry7vlq-shard-00-00.i7ysybh.mongodb.net:27017: _ssl.c:999: The handshake operation timed out (configured timeouts: socketTimeoutMS: 20000.0ms, connectTimeoutMS: 20000.0ms),SSL handshake failed: ac-jry7vlq-shard-00-01.i7ysybh.mongodb.net:27017: _ssl.c:999: The handshake operation timed out (configured timeouts: socketTimeoutMS: 20000.0ms, connectTimeoutMS: 20000.0ms),SSL handshake failed: ac-jry7vlq-shard-00-02.i7ysybh.mongodb.net:27017: _ssl.c:999: The handshake operation timed out (configured timeouts: socketTimeoutMS: 20000.0ms, connectTimeoutMS: 20000.0ms), Timeout: 30s, Topology Description: <TopologyDescription id: 686c2edd6e5abece749389bb, topology_type: ReplicaSetNoPrimary, servers: [<ServerDescription ('ac-jry7vlq-shard-00-00.i7ysybh.mongodb.net', 27017) server_type: Unknown, rtt: None, error=NetworkTimeout('SSL handshake failed: ac-jry7vlq-shard-00-00.i7ysybh.mongodb.net:27017: _ssl.c:999: The handshake operation timed out (configured timeouts: socketTimeoutMS: 20000.0ms, connectTimeoutMS: 20000.0ms)')>, <ServerDescription ('ac-jry7vlq-shard-00-01.i7ysybh.mongodb.net', 27017) server_type: Unknown, rtt: None, error=NetworkTimeout('SSL handshake failed: ac-jry7vlq-shard-00-01.i7ysybh.mongodb.net:27017: _ssl.c:999: The handshake operation timed out (configured timeouts: socketTimeoutMS: 20000.0ms, connectTimeoutMS: 20000.0ms)')>, <ServerDescription ('ac-jry7vlq-shard-00-02.i7ysybh.mongodb.net', 27017) server_type: Unknown, rtt: None, error=NetworkTimeout('SSL handshake failed: ac-jry7vlq-shard-00-02.i7ysybh.mongodb.net:27017: _ssl.c:999: The handshake operation timed out (configured timeouts: socketTimeoutMS: 20000.0ms, connectTimeoutMS: 20000.0ms)')>]>
2025-07-07 16:33:36,454 [ERROR] Error updating record: SSL handshake failed: ac-jry7vlq-shard-00-00.i7ysybh.mongodb.net:27017: _ssl.c:999: The handshake operation timed out (configured timeouts: socketTimeoutMS: 20000.0ms, connectTimeoutMS: 20000.0ms),SSL handshake failed: ac-jry7vlq-shard-00-01.i7ysybh.mongodb.net:27017: _ssl.c:999: The handshake operation timed out (configured timeouts: socketTimeoutMS: 20000.0ms, connectTimeoutMS: 20000.0ms),SSL handshake failed: ac-jry7vlq-shard-00-02.i7ysybh.mongodb.net:27017: _ssl.c:999: The handshake operation timed out (configured timeouts: socketTimeoutMS: 20000.0ms, connectTimeoutMS: 20000.0ms), Timeout: 30s, Topology Description: <TopologyDescription id: 686c2edd6e5abece749389bb, topology_type: ReplicaSetNoPrimary, servers: [<ServerDescription ('ac-jry7vlq-shard-00-00.i7ysybh.mongodb.net', 27017) server_type: Unknown, rtt: None, error=NetworkTimeout('SSL handshake failed: ac-jry7vlq-shard-00-00.i7ysybh.mongodb.net:27017: _ssl.c:999: The handshake operation timed out (configured timeouts: socketTimeoutMS: 20000.0ms, connectTimeoutMS: 20000.0ms)')>, <ServerDescription ('ac-jry7vlq-shard-00-01.i7ysybh.mongodb.net', 27017) server_type: Unknown, rtt: None, error=NetworkTimeout('SSL handshake failed: ac-jry7vlq-shard-00-01.i7ysybh.mongodb.net:27017: _ssl.c:999: The handshake operation timed out (configured timeouts: socketTimeoutMS: 20000.0ms, connectTimeoutMS: 20000.0ms)')>, <ServerDescription ('ac-jry7vlq-shard-00-02.i7ysybh.mongodb.net', 27017) server_type: Unknown, rtt: None, error=NetworkTimeout('SSL handshake failed: ac-jry7vlq-shard-00-02.i7ysybh.mongodb.net:27017: _ssl.c:999: The handshake operation timed out (configured timeouts: socketTimeoutMS: 20000.0ms, connectTimeoutMS: 20000.0ms)')>]>
2025-07-07 16:34:51,451 [INFO] NumExpr defaulting to 8 threads.
2025-07-07 16:35:15,831 [INFO] MongoDB----------
2025-07-07 16:35:45,976 [ERROR] Error in creating record: SSL handshake failed: ac-jry7vlq-shard-00-02.i7ysybh.mongodb.net:27017: _ssl.c:999: The handshake operation timed out,SSL handshake failed: ac-jry7vlq-shard-00-01.i7ysybh.mongodb.net:27017: _ssl.c:999: The handshake operation timed out,SSL handshake failed: ac-jry7vlq-shard-00-00.i7ysybh.mongodb.net:27017: _ssl.c:999: The handshake operation timed out, Timeout: 30s, Topology Description: <TopologyDescription id: 686c2f6b1c7b7e0c569d020d, topology_type: ReplicaSetNoPrimary, servers: [<ServerDescription ('ac-jry7vlq-shard-00-00.i7ysybh.mongodb.net', 27017) server_type: Unknown, rtt: None, error=NetworkTimeout('SSL handshake failed: ac-jry7vlq-shard-00-00.i7ysybh.mongodb.net:27017: _ssl.c:999: The handshake operation timed out')>, <ServerDescription ('ac-jry7vlq-shard-00-01.i7ysybh.mongodb.net', 27017) server_type: Unknown, rtt: None, error=NetworkTimeout('SSL handshake failed: ac-jry7vlq-shard-00-01.i7ysybh.mongodb.net:27017: _ssl.c:999: The handshake operation timed out')>, <ServerDescription ('ac-jry7vlq-shard-00-02.i7ysybh.mongodb.net', 27017) server_type: Unknown, rtt: None, error=NetworkTimeout('SSL handshake failed: ac-jry7vlq-shard-00-02.i7ysybh.mongodb.net:27017: _ssl.c:999: The handshake operation timed out')>]>
2025-07-07 16:36:16,167 [ERROR] Error updating record: SSL handshake failed: ac-jry7vlq-shard-00-02.i7ysybh.mongodb.net:27017: _ssl.c:999: The handshake operation timed out,SSL handshake failed: ac-jry7vlq-shard-00-01.i7ysybh.mongodb.net:27017: _ssl.c:999: The handshake operation timed out,SSL handshake failed: ac-jry7vlq-shard-00-00.i7ysybh.mongodb.net:27017: _ssl.c:999: The handshake operation timed out, Timeout: 30s, Topology Description: <TopologyDescription id: 686c2f6b1c7b7e0c569d020d, topology_type: ReplicaSetNoPrimary, servers: [<ServerDescription ('ac-jry7vlq-shard-00-00.i7ysybh.mongodb.net', 27017) server_type: Unknown, rtt: None, error=NetworkTimeout('SSL handshake failed: ac-jry7vlq-shard-00-00.i7ysybh.mongodb.net:27017: _ssl.c:999: The handshake operation timed out')>, <ServerDescription ('ac-jry7vlq-shard-00-01.i7ysybh.mongodb.net', 27017) server_type: Unknown, rtt: None, error=NetworkTimeout('SSL handshake failed: ac-jry7vlq-shard-00-01.i7ysybh.mongodb.net:27017: _ssl.c:999: The handshake operation timed out')>, <ServerDescription ('ac-jry7vlq-shard-00-02.i7ysybh.mongodb.net', 27017) server_type: Unknown, rtt: None, error=NetworkTimeout('SSL handshake failed: ac-jry7vlq-shard-00-02.i7ysybh.mongodb.net:27017: _ssl.c:999: The handshake operation timed out')>]>
2025-07-10 08:25:49,295 [INFO] MongoDB----------
2025-07-10 08:25:49,369 [INFO] Record Created in MongoDB
2025-07-10 08:26:07,522 [INFO] MongoDB----------
2025-07-10 08:26:07,525 [INFO] Record Created in MongoDB
2025-07-10 20:09:20,346 [INFO] MongoDB----------
2025-07-10 20:09:20,391 [INFO] Record Created in MongoDB
2025-07-10 20:13:08,372 [INFO] MongoDB----------
2025-07-10 20:13:08,381 [INFO] Empty record created
2025-07-10 20:13:08,382 [INFO] Data Schema
2025-07-10 20:13:08,385 [INFO] Updating data and status of file
2025-07-10 20:56:57,122 [INFO] MongoDB----------
2025-07-10 20:56:57,154 [INFO] Empty record created
2025-07-10 20:56:57,155 [INFO] Data Schema
2025-07-10 20:56:57,158 [INFO] Updating data and status of file
2025-07-10 21:17:59,178 [INFO] MongoDB----------
2025-07-10 21:17:59,189 [INFO] Empty record created
2025-07-10 21:17:59,191 [INFO] Data Schema
2025-07-10 21:17:59,197 [INFO] Updating data and status of file
2025-07-10 21:21:48,935 [INFO] MongoDB----------
2025-07-10 21:21:48,963 [INFO] Empty record created
2025-07-10 21:21:48,964 [INFO] Data Schema
2025-07-10 21:21:48,967 [INFO] Updating data and status of file
2025-07-10 21:36:21,048 [INFO] MongoDB----------
2025-07-10 21:36:21,076 [INFO] Empty record created
2025-07-10 21:36:21,077 [INFO] Data Schema
2025-07-10 21:36:21,086 [INFO] Updating data and status of file
2025-07-10 21:38:36,556 [INFO] MongoDB----------
2025-07-10 21:38:36,560 [INFO] Empty record created
2025-07-10 21:38:36,561 [INFO] Data Schema
2025-07-10 21:38:36,564 [INFO] Updating data and status of file
2025-07-10 21:40:52,849 [INFO] MongoDB----------
2025-07-10 21:40:52,872 [INFO] Empty record created
2025-07-10 21:40:52,874 [INFO] Data Schema
2025-07-10 21:40:52,896 [INFO] Updating data and status of file
2025-07-14 12:29:02,110 [INFO] 4 changes detected
2025-07-14 12:31:55,920 [INFO] 1 change detected
2025-07-14 12:31:57,053 [INFO] 1 change detected
2025-07-14 12:31:57,724 [INFO] 1 change detected
2025-07-14 12:31:58,391 [INFO] 6 changes detected
2025-07-14 12:31:58,848 [INFO] 1 change detected
2025-07-14 12:35:02,741 [INFO] 8 changes detected
2025-07-14 12:35:04,245 [INFO] 2 changes detected
2025-07-14 12:35:23,195 [INFO] 1 change detected
2025-07-14 12:35:56,332 [INFO] 4 changes detected
2025-07-14 12:35:56,820 [INFO] 1 change detected
2025-07-14 12:35:57,432 [INFO] 5 changes detected
2025-07-14 12:35:57,797 [INFO] 1 change detected
2025-07-14 12:35:58,414 [INFO] 1 change detected
2025-07-14 12:36:00,818 [INFO] 1 change detected
2025-07-14 12:36:11,789 [INFO] 1 change detected
2025-07-14 12:40:23,449 [INFO] 1 change detected
2025-07-14 12:40:24,534 [INFO] 1 change detected
2025-07-14 12:40:25,101 [INFO] 1 change detected
2025-07-14 12:40:25,465 [INFO] 6 changes detected
2025-07-14 12:40:26,041 [INFO] 1 change detected
2025-07-14 12:40:38,663 [INFO] 1 change detected
2025-07-14 12:40:39,623 [INFO] 1 change detected
2025-07-14 12:40:40,139 [INFO] 1 change detected
2025-07-14 12:40:40,596 [INFO] 6 changes detected
2025-07-14 12:40:41,051 [INFO] 1 change detected
2025-07-14 12:40:54,420 [INFO] 8 changes detected
2025-07-14 12:40:55,486 [INFO] 2 changes detected
2025-07-14 12:52:48,727 [INFO] 1 change detected
2025-07-14 12:57:36,635 [INFO] 4 changes detected
2025-07-14 12:57:37,219 [INFO] 1 change detected
2025-07-14 12:57:38,750 [INFO] 1 change detected
2025-07-14 12:59:55,776 [INFO] 4 changes detected
2025-07-14 12:59:56,193 [INFO] 1 change detected
2025-07-14 13:00:00,170 [INFO] 1 change detected
2025-07-14 13:00:28,435 [INFO] 8 changes detected
2025-07-14 13:00:28,853 [INFO] 2 changes detected
2025-07-14 13:00:29,466 [INFO] 5 changes detected
2025-07-14 13:00:50,222 [INFO] 1 change detected
2025-07-14 13:05:07,990 [INFO] 8 changes detected
2025-07-14 13:05:08,409 [INFO] 1 change detected
2025-07-14 13:05:12,946 [INFO] 1 change detected
2025-07-14 13:06:31,555 [INFO] 4 changes detected
2025-07-14 13:06:31,979 [INFO] 1 change detected
2025-07-14 13:06:35,038 [INFO] 1 change detected
2025-07-14 13:09:03,875 [INFO] 8 changes detected
2025-07-14 13:09:04,356 [INFO] 2 changes detected
2025-07-14 13:09:05,027 [INFO] 5 changes detected
2025-07-14 13:09:13,509 [INFO] 1 change detected
2025-07-14 13:12:51,440 [INFO] 8 changes detected
2025-07-14 13:12:51,934 [INFO] 2 changes detected
2025-07-14 13:12:52,393 [INFO] 10 changes detected
2025-07-14 13:12:52,751 [INFO] 1 change detected
2025-07-14 13:12:53,624 [INFO] 1 change detected
2025-07-14 13:12:57,648 [INFO] 1 change detected
2025-07-14 13:13:01,421 [INFO] 4 changes detected
2025-07-14 13:13:02,561 [INFO] 1 change detected
2025-07-14 13:13:03,229 [INFO] 1 change detected
2025-07-14 13:13:04,003 [INFO] 1 change detected
2025-07-14 13:13:05,391 [INFO] 1 change detected
2025-07-14 13:13:08,659 [INFO] 4 changes detected
2025-07-14 13:13:09,766 [INFO] 1 change detected
2025-07-14 13:13:10,330 [INFO] 1 change detected
2025-07-14 13:13:10,943 [INFO] 1 change detected
2025-07-14 13:13:23,999 [INFO] 1 change detected
2025-07-14 13:13:33,957 [INFO] 4 changes detected
2025-07-14 13:13:34,881 [INFO] 1 change detected
2025-07-14 13:13:35,502 [INFO] 1 change detected
2025-07-14 13:13:36,216 [INFO] 1 change detected
2025-07-14 13:16:14,971 [INFO] 1 change detected
2025-07-14 13:17:37,955 [INFO] 4 changes detected
2025-07-14 13:17:38,991 [INFO] 1 change detected
2025-07-14 13:17:39,561 [INFO] 1 change detected
2025-07-14 13:17:40,181 [INFO] 1 change detected
2025-07-14 13:17:46,310 [INFO] 1 change detected
2025-07-14 13:17:58,654 [INFO] 4 changes detected
2025-07-14 13:17:59,631 [INFO] 1 change detected
2025-07-14 13:18:00,148 [INFO] 1 change detected
2025-07-14 13:18:00,501 [INFO] 1 change detected
2025-07-14 13:18:01,016 [INFO] 1 change detected
2025-07-14 13:18:28,095 [INFO] 4 changes detected
2025-07-14 13:18:29,276 [INFO] 1 change detected
2025-07-14 13:18:29,842 [INFO] 1 change detected
2025-07-14 13:18:30,515 [INFO] 1 change detected
2025-07-14 13:18:36,149 [INFO] 1 change detected
2025-07-14 13:18:42,498 [INFO] 4 changes detected
2025-07-14 13:18:43,330 [INFO] 1 change detected
2025-07-14 13:18:43,950 [INFO] 1 change detected
2025-07-14 13:18:44,568 [INFO] 1 change detected
2025-07-14 13:18:49,718 [INFO] 1 change detected
2025-07-14 13:19:34,343 [INFO] 4 changes detected
2025-07-14 13:19:35,515 [INFO] 1 change detected
2025-07-14 13:19:36,137 [INFO] 1 change detected
2025-07-14 13:19:36,802 [INFO] 1 change detected
2025-07-14 13:19:40,013 [INFO] 1 change detected
2025-07-14 13:23:26,201 [INFO] 4 changes detected
2025-07-14 13:23:27,253 [INFO] 1 change detected
2025-07-14 13:23:28,069 [INFO] 1 change detected
2025-07-14 13:23:28,842 [INFO] 1 change detected
2025-07-14 13:23:29,195 [INFO] 1 change detected
2025-07-14 13:24:01,249 [INFO] 4 changes detected
2025-07-14 13:24:02,069 [INFO] 1 change detected
2025-07-14 13:24:02,792 [INFO] 1 change detected
2025-07-14 13:24:03,157 [INFO] 1 change detected
2025-07-14 13:24:04,010 [INFO] 1 change detected
2025-07-14 13:24:59,034 [INFO] 4 changes detected
2025-07-14 13:24:59,872 [INFO] 1 change detected
2025-07-14 13:25:00,488 [INFO] 1 change detected
2025-07-14 13:25:01,153 [INFO] 1 change detected
2025-07-14 13:25:01,863 [INFO] 1 change detected
2025-07-14 13:25:20,737 [INFO] 4 changes detected
2025-07-14 13:25:21,498 [INFO] 1 change detected
2025-07-14 13:25:22,017 [INFO] 1 change detected
2025-07-14 13:25:22,675 [INFO] 1 change detected
2025-07-14 13:26:51,353 [INFO] 1 change detected
2025-07-14 13:29:01,752 [INFO] 4 changes detected
2025-07-14 13:29:02,938 [INFO] 1 change detected
2025-07-14 13:29:03,630 [INFO] 1 change detected
2025-07-14 13:29:04,443 [INFO] 1 change detected
2025-07-14 13:29:05,572 [INFO] 1 change detected
2025-07-14 13:30:43,422 [INFO] 4 changes detected
2025-07-14 13:30:44,562 [INFO] 1 change detected
2025-07-14 13:30:45,436 [INFO] 1 change detected
2025-07-14 13:30:46,261 [INFO] 1 change detected
2025-07-14 13:30:47,942 [INFO] 1 change detected
2025-07-14 13:32:24,419 [INFO] 4 changes detected
2025-07-14 13:32:25,599 [INFO] 1 change detected
2025-07-14 13:32:26,271 [INFO] 1 change detected
2025-07-14 13:32:27,035 [INFO] 1 change detected
2025-07-14 13:32:36,048 [INFO] 1 change detected
2025-07-14 13:32:58,393 [INFO] 4 changes detected
2025-07-14 13:32:59,377 [INFO] 1 change detected
2025-07-14 13:33:00,321 [INFO] 1 change detected
2025-07-14 13:33:01,184 [INFO] 1 change detected
2025-07-14 13:51:20,572 [INFO] 1 change detected
2025-07-14 13:53:27,885 [INFO] 4 changes detected
2025-07-14 13:53:29,308 [INFO] 1 change detected
2025-07-14 13:53:31,800 [INFO] 1 change detected
2025-07-14 13:53:35,844 [INFO] 1 change detected
2025-07-14 13:53:59,699 [INFO] 1 change detected
2025-07-14 14:01:14,381 [INFO] 4 changes detected
2025-07-14 14:01:15,470 [INFO] 1 change detected
2025-07-14 14:01:16,342 [INFO] 1 change detected
2025-07-14 14:01:17,215 [INFO] 1 change detected
2025-07-14 14:01:37,465 [INFO] 1 change detected
2025-07-14 14:01:41,067 [INFO] 4 changes detected
2025-07-14 14:01:42,107 [INFO] 1 change detected
2025-07-14 14:01:42,679 [INFO] 1 change detected
2025-07-14 14:01:43,445 [INFO] 1 change detected
2025-07-14 14:01:46,513 [INFO] 1 change detected
2025-07-14 14:02:15,268 [INFO] 4 changes detected
2025-07-14 14:02:16,209 [INFO] 1 change detected
2025-07-14 14:02:16,726 [INFO] 1 change detected
2025-07-14 14:02:17,399 [INFO] 1 change detected
2025-07-14 14:02:31,865 [INFO] 1 change detected
2025-07-14 14:03:14,665 [INFO] 4 changes detected
2025-07-14 14:03:15,805 [INFO] 1 change detected
2025-07-14 14:03:16,475 [INFO] 1 change detected
2025-07-14 14:03:17,194 [INFO] 1 change detected
2025-07-14 14:03:32,173 [INFO] 1 change detected
2025-07-14 14:06:31,638 [INFO] 4 changes detected
2025-07-14 14:06:32,774 [INFO] 1 change detected
2025-07-14 14:06:33,391 [INFO] 1 change detected
2025-07-14 14:06:34,156 [INFO] 1 change detected
2025-07-14 14:06:47,380 [INFO] 1 change detected
2025-07-14 14:07:27,031 [INFO] 1 change detected
2025-07-14 14:07:34,256 [INFO] 1 change detected
2025-07-14 14:09:29,058 [INFO] 4 changes detected
2025-07-14 14:09:30,071 [INFO] 2 changes detected
2025-07-14 14:09:30,994 [INFO] 1 change detected
2025-07-14 14:09:31,816 [INFO] 1 change detected
2025-07-14 14:12:37,562 [INFO] 4 changes detected
2025-07-14 14:12:38,516 [INFO] 1 change detected
2025-07-14 14:12:39,188 [INFO] 1 change detected
2025-07-14 14:12:39,953 [INFO] 1 change detected
2025-07-14 14:14:14,982 [INFO] 1 change detected
2025-07-14 14:16:17,376 [INFO] 1 change detected
2025-07-14 14:16:45,971 [INFO] 4 changes detected
2025-07-14 14:16:47,133 [INFO] 1 change detected
2025-07-14 14:16:47,846 [INFO] 1 change detected
2025-07-14 14:16:48,554 [INFO] 1 change detected
2025-07-14 14:18:07,118 [INFO] 1 change detected
2025-07-14 14:19:49,851 [INFO] 1 change detected
2025-07-14 14:20:27,271 [INFO] 8 changes detected
2025-07-14 14:20:28,344 [INFO] 2 changes detected
2025-07-14 14:20:28,807 [INFO] 5 changes detected
2025-07-14 14:20:29,166 [INFO] 1 change detected
2025-07-14 14:20:29,726 [INFO] 1 change detected
2025-07-14 14:20:32,587 [INFO] 1 change detected
2025-07-14 14:21:52,288 [INFO] 4 changes detected
2025-07-14 14:21:53,469 [INFO] 1 change detected
2025-07-14 14:21:54,084 [INFO] 1 change detected
2025-07-14 14:21:54,445 [INFO] 1 change detected
2025-07-14 14:21:55,046 [INFO] 1 change detected
2025-07-14 14:21:55,717 [INFO] 4 changes detected
2025-07-14 14:21:56,663 [INFO] 1 change detected
2025-07-14 14:21:57,223 [INFO] 1 change detected
2025-07-14 14:21:57,890 [INFO] 1 change detected
2025-07-14 14:22:13,855 [INFO] 1 change detected
2025-07-14 14:22:43,723 [INFO] 1 change detected
2025-07-14 14:22:54,217 [INFO] 1 change detected
2025-07-14 14:23:35,061 [INFO] 1 change detected
2025-07-14 14:23:40,006 [INFO] 4 changes detected
2025-07-14 14:23:41,258 [INFO] 1 change detected
2025-07-14 14:23:41,927 [INFO] 1 change detected
2025-07-14 14:23:42,744 [INFO] 1 change detected
2025-07-14 14:23:44,079 [INFO] 1 change detected
2025-07-14 14:24:07,236 [INFO] 8 changes detected
2025-07-14 14:24:08,473 [INFO] 2 changes detected
2025-07-14 14:24:14,365 [INFO] 1 change detected
2025-07-14 14:28:59,890 [INFO] 8 changes detected
2025-07-14 14:29:00,305 [INFO] 2 changes detected
2025-07-14 14:29:01,118 [INFO] 5 changes detected
2025-07-14 14:29:01,480 [INFO] 1 change detected
2025-07-14 14:29:02,193 [INFO] 1 change detected
2025-07-14 14:29:13,613 [INFO] 1 change detected
2025-07-14 14:29:25,613 [INFO] 4 changes detected
2025-07-14 14:29:26,762 [INFO] 1 change detected
2025-07-14 14:29:27,583 [INFO] 1 change detected
2025-07-14 14:29:28,351 [INFO] 1 change detected
2025-07-14 14:29:28,719 [INFO] 1 change detected
2025-07-14 14:31:27,559 [INFO] 4 changes detected
2025-07-14 14:31:28,703 [INFO] 2 changes detected
2025-07-14 14:31:29,722 [INFO] 1 change detected
2025-07-14 14:31:30,536 [INFO] 1 change detected
2025-07-14 14:32:10,241 [INFO] 4 changes detected
2025-07-14 14:32:11,329 [INFO] 1 change detected
2025-07-14 14:32:12,000 [INFO] 1 change detected
2025-07-14 14:32:12,764 [INFO] 1 change detected
2025-07-14 14:32:16,746 [INFO] 1 change detected
2025-07-14 14:32:25,007 [INFO] 4 changes detected
2025-07-14 14:32:26,069 [INFO] 1 change detected
2025-07-14 14:32:26,639 [INFO] 1 change detected
2025-07-14 14:32:27,308 [INFO] 1 change detected
2025-07-14 14:32:31,859 [INFO] 1 change detected
2025-07-14 14:32:38,973 [INFO] 4 changes detected
2025-07-14 14:32:40,084 [INFO] 1 change detected
2025-07-14 14:32:40,705 [INFO] 1 change detected
2025-07-14 14:32:41,421 [INFO] 1 change detected
2025-07-14 14:32:47,858 [INFO] 1 change detected
2025-07-14 14:33:07,796 [INFO] 4 changes detected
2025-07-14 14:33:08,807 [INFO] 2 changes detected
2025-07-14 14:33:10,082 [INFO] 1 change detected
2025-07-14 14:33:10,857 [INFO] 1 change detected
2025-07-14 14:33:32,747 [INFO] 1 change detected
2025-07-14 14:33:37,800 [INFO] 1 change detected
2025-07-14 14:33:43,460 [INFO] 4 changes detected
2025-07-14 14:33:44,667 [INFO] 1 change detected
2025-07-14 14:33:45,237 [INFO] 1 change detected
2025-07-14 14:33:45,944 [INFO] 1 change detected
2025-07-14 14:33:47,624 [INFO] 1 change detected
2025-07-14 14:34:02,952 [INFO] 4 changes detected
2025-07-14 14:34:03,818 [INFO] 1 change detected
2025-07-14 14:34:04,385 [INFO] 1 change detected
2025-07-14 14:34:04,956 [INFO] 1 change detected
2025-07-14 14:34:11,274 [INFO] 1 change detected
2025-07-14 14:34:15,112 [INFO] 1 change detected
2025-07-14 14:34:29,126 [INFO] 1 change detected
2025-07-14 14:34:57,212 [INFO] 4 changes detected
2025-07-14 14:34:58,374 [INFO] 1 change detected
2025-07-14 14:34:59,042 [INFO] 1 change detected
2025-07-14 14:34:59,757 [INFO] 1 change detected
2025-07-14 14:35:02,772 [INFO] 1 change detected
2025-07-14 14:35:05,282 [INFO] 4 changes detected
2025-07-14 14:35:06,187 [INFO] 1 change detected
2025-07-14 14:35:06,754 [INFO] 1 change detected
2025-07-14 14:35:07,470 [INFO] 1 change detected
2025-07-14 14:35:09,151 [INFO] 1 change detected
2025-07-14 14:35:40,824 [INFO] 4 changes detected
2025-07-14 14:35:41,885 [INFO] 1 change detected
2025-07-14 14:35:42,548 [INFO] 1 change detected
2025-07-14 14:35:43,310 [INFO] 1 change detected
2025-07-14 14:35:45,248 [INFO] 1 change detected
2025-07-14 14:47:04,644 [INFO] 8 changes detected
2025-07-14 14:47:05,848 [INFO] 2 changes detected
2025-07-14 14:47:06,466 [INFO] 5 changes detected
2025-07-14 14:47:07,536 [INFO] 1 change detected
2025-07-14 14:47:08,601 [INFO] 1 change detected
2025-07-14 14:47:18,010 [INFO] 1 change detected
2025-07-14 14:47:53,567 [INFO] 4 changes detected
2025-07-14 14:47:54,781 [INFO] 1 change detected
2025-07-14 14:47:56,008 [INFO] 1 change detected
2025-07-14 14:47:56,363 [INFO] 1 change detected
2025-07-14 14:47:57,620 [INFO] 1 change detected
2025-07-14 14:48:00,895 [INFO] 4 changes detected
2025-07-14 14:48:02,130 [INFO] 1 change detected
2025-07-14 14:48:02,789 [INFO] 1 change detected
2025-07-14 14:48:03,293 [INFO] 1 change detected
2025-07-14 14:48:04,175 [INFO] 1 change detected
2025-07-14 14:48:56,222 [INFO] 4 changes detected
2025-07-14 14:48:57,322 [INFO] 1 change detected
2025-07-14 14:48:58,236 [INFO] 1 change detected
2025-07-14 14:48:58,956 [INFO] 1 change detected
2025-07-14 14:48:59,312 [INFO] 1 change detected
2025-07-14 14:49:03,293 [INFO] 4 changes detected
2025-07-14 14:49:04,319 [INFO] 1 change detected
2025-07-14 14:49:05,244 [INFO] 1 change detected
2025-07-14 14:49:06,019 [INFO] 1 change detected
2025-07-14 14:49:07,657 [INFO] 1 change detected
2025-07-14 14:49:27,175 [INFO] 4 changes detected
2025-07-14 14:49:28,314 [INFO] 1 change detected
2025-07-14 14:49:29,188 [INFO] 1 change detected
2025-07-14 14:49:29,600 [INFO] 1 change detected
2025-07-14 14:49:30,595 [INFO] 1 change detected
2025-07-14 14:49:38,795 [INFO] 4 changes detected
2025-07-14 14:49:39,749 [INFO] 1 change detected
2025-07-14 14:49:40,872 [INFO] 1 change detected
2025-07-14 14:49:41,582 [INFO] 1 change detected
2025-07-14 14:49:51,722 [INFO] 1 change detected
2025-07-14 14:50:29,440 [INFO] 4 changes detected
2025-07-14 14:50:30,542 [INFO] 1 change detected
2025-07-14 14:50:31,513 [INFO] 1 change detected
2025-07-14 14:50:32,225 [INFO] 1 change detected
2025-07-14 14:50:51,966 [INFO] 1 change detected
2025-07-14 14:53:34,542 [INFO] 4 changes detected
2025-07-14 14:53:35,668 [INFO] 1 change detected
2025-07-14 14:53:36,690 [INFO] 1 change detected
2025-07-14 14:53:37,402 [INFO] 1 change detected
2025-07-14 14:53:51,481 [INFO] 1 change detected
2025-07-14 14:55:12,220 [INFO] 4 changes detected
2025-07-14 14:55:13,301 [INFO] 1 change detected
2025-07-14 14:55:14,421 [INFO] 1 change detected
2025-07-14 14:55:15,705 [INFO] 1 change detected
2025-07-14 14:55:18,023 [INFO] 1 change detected
2025-07-14 14:55:32,783 [INFO] 1 change detected
2025-07-14 14:55:52,079 [INFO] 4 changes detected
2025-07-14 14:55:53,236 [INFO] 1 change detected
2025-07-14 14:55:54,289 [INFO] 1 change detected
2025-07-14 14:55:55,102 [INFO] 1 change detected
2025-07-14 14:57:05,204 [INFO] 4 changes detected
2025-07-14 14:57:06,342 [INFO] 1 change detected
2025-07-14 14:57:07,418 [INFO] 1 change detected
2025-07-14 14:57:08,186 [INFO] 1 change detected
2025-07-14 14:58:35,194 [INFO] 7 changes detected
2025-07-14 14:58:36,676 [INFO] 1 change detected
2025-07-14 14:58:38,053 [INFO] 1 change detected
2025-07-14 14:58:38,876 [INFO] 1 change detected
2025-07-14 14:58:55,911 [INFO] 1 change detected
2025-07-14 14:59:22,806 [INFO] 1 change detected
2025-07-14 15:00:34,895 [INFO] 4 changes detected
2025-07-14 15:02:00,810 [INFO] MongoDB----------
2025-07-14 15:02:00,842 [INFO] Empty record created
2025-07-14 15:02:00,842 [INFO] Data Schema
2025-07-14 15:02:00,847 [INFO] Updating data and status of file
2025-07-14 15:03:17,846 [INFO] 4 changes detected
2025-07-14 15:03:18,869 [INFO] 2 changes detected
2025-07-14 15:03:19,939 [INFO] 1 change detected
2025-07-14 15:03:20,300 [INFO] 1 change detected
2025-07-14 15:03:21,639 [INFO] 1 change detected
2025-07-14 15:03:37,900 [INFO] 1 change detected
2025-07-14 15:03:46,837 [INFO] 1 change detected
2025-07-14 15:04:24,308 [INFO] 1 change detected
2025-07-14 15:04:54,668 [INFO] 1 change detected
2025-07-14 15:06:00,178 [INFO] 4 changes detected
2025-07-14 15:06:01,371 [INFO] 1 change detected
2025-07-14 15:06:02,349 [INFO] 1 change detected
2025-07-14 15:06:03,072 [INFO] 1 change detected
2025-07-14 15:06:05,112 [INFO] 1 change detected
2025-07-14 15:06:23,796 [INFO] 4 changes detected
2025-07-14 15:06:24,909 [INFO] 1 change detected
2025-07-14 15:06:25,476 [INFO] 5 changes detected
2025-07-14 15:06:26,045 [INFO] 1 change detected
2025-07-14 15:06:27,074 [INFO] 1 change detected
2025-07-14 15:06:30,385 [INFO] 1 change detected
2025-07-14 15:07:39,840 [INFO] 1 change detected
2025-07-14 15:08:52,338 [INFO] 4 changes detected
2025-07-14 15:08:53,427 [INFO] 1 change detected
2025-07-14 15:08:54,452 [INFO] 1 change detected
2025-07-14 15:08:55,329 [INFO] 1 change detected
2025-07-14 15:08:58,337 [INFO] 1 change detected
2025-07-14 15:09:00,203 [INFO] 1 change detected
2025-07-14 15:09:08,561 [INFO] 1 change detected
2025-07-14 15:09:09,699 [INFO] 1 change detected
2025-07-14 15:09:10,111 [INFO] 5 changes detected
2025-07-14 15:09:10,570 [INFO] 1 change detected
2025-07-14 15:09:11,240 [INFO] 1 change detected
2025-07-14 15:09:12,518 [INFO] 6 changes detected
2025-07-14 15:09:23,883 [INFO] 1 change detected
2025-07-14 15:09:25,105 [INFO] 6 changes detected
2025-07-14 15:09:26,029 [INFO] 1 change detected
2025-07-14 15:09:27,475 [INFO] 1 change detected
2025-07-14 15:09:39,358 [INFO] 1 change detected
2025-07-14 15:10:05,414 [INFO] 1 change detected
2025-07-14 15:10:13,359 [INFO] 4 changes detected
2025-07-14 15:10:14,217 [INFO] 1 change detected
2025-07-14 15:10:15,242 [INFO] 1 change detected
2025-07-14 15:10:16,054 [INFO] 1 change detected
2025-07-14 15:10:19,732 [INFO] 1 change detected
2025-07-14 15:10:24,670 [INFO] 1 change detected
2025-07-14 15:15:09,059 [INFO] 1 change detected
2025-07-14 15:15:23,603 [INFO] 1 change detected
2025-07-14 15:21:43,488 [INFO] 1 change detected
2025-07-14 15:40:18,434 [INFO] 1 change detected
2025-07-14 15:41:17,642 [INFO] 1 change detected
2025-07-14 15:41:36,910 [INFO] 1 change detected
2025-07-14 15:41:48,208 [INFO] 8 changes detected
2025-07-14 15:41:54,897 [INFO] 1 change detected
2025-07-14 15:41:57,203 [INFO] Loading upload record from ID: 68755428ca66ce8b701dbebc
2025-07-14 15:41:57,209 [INFO] Validating record status
2025-07-14 15:41:57,211 [INFO] Initializing database connection
2025-07-14 15:41:57,212 [ERROR] Error initializing database connection: string indices must be integers, not 'str'
2025-07-14 15:41:57,213 [INFO] Getting Table Information
2025-07-14 15:41:57,214 [INFO] Selecting relevant tables
2025-07-14 15:41:57,216 [INFO] Selected tables: Table Name: productlines
Table Description: No description provided

Table Name: products
Table Description: No description provided

Table Name: offices
Table Description: No description provided

Table Name: employees
Table Description: No description provided

Table Name: customers
Table Description: No description provided

Table Name: payments
Table Description: No description provided

Table Name: orders
Table Description: No description provided

Table Name: orderdetails
Table Description: No description provided


2025-07-14 15:41:57,219 [INFO] Generating SQL Query
2025-07-14 15:41:57,220 [ERROR] Error generating query: 'database_connection'
2025-07-14 15:41:57,221 [INFO] Executing SQL Query
2025-07-14 15:41:57,222 [ERROR] Error executing query: 'database_connection'
2025-07-14 15:41:57,224 [ERROR] Error in LangGraph execution: Type is not msgpack serializable: ObjectId
2025-07-14 15:41:57,398 [INFO] 1 change detected
2025-07-14 15:41:58,573 [INFO] 1 change detected
2025-07-14 15:42:11,615 [INFO] 1 change detected
2025-07-14 15:42:22,172 [INFO] 1 change detected
2025-07-14 15:43:19,597 [INFO] 1 change detected
2025-07-14 15:43:32,732 [INFO] 4 changes detected
2025-07-14 15:43:34,332 [INFO] 6 changes detected
2025-07-14 15:43:35,406 [INFO] 1 change detected
2025-07-14 15:43:38,007 [INFO] 1 change detected
2025-07-14 15:43:40,441 [INFO] Loading upload record from ID: 68755428ca66ce8b701dbebc
2025-07-14 15:43:40,445 [INFO] Validating record status
2025-07-14 15:43:40,448 [INFO] Initializing database connection
2025-07-14 15:43:40,449 [ERROR] Error initializing database connection: string indices must be integers, not 'str'
2025-07-14 15:43:40,449 [INFO] Getting Table Information
2025-07-14 15:43:40,450 [INFO] Selecting relevant tables
2025-07-14 15:43:40,450 [INFO] Selected tables: Table Name: productlines
Table Description: No description provided

Table Name: products
Table Description: No description provided

Table Name: offices
Table Description: No description provided

Table Name: employees
Table Description: No description provided

Table Name: customers
Table Description: No description provided

Table Name: payments
Table Description: No description provided

Table Name: orders
Table Description: No description provided

Table Name: orderdetails
Table Description: No description provided


2025-07-14 15:43:40,451 [INFO] Generating SQL Query
2025-07-14 15:43:40,451 [ERROR] Error generating query: 'database_connection'
2025-07-14 15:43:40,452 [INFO] Executing SQL Query
2025-07-14 15:43:40,453 [ERROR] Error executing query: 'database_connection'
2025-07-14 15:43:40,455 [ERROR] Error in LangGraph execution: Type is not msgpack serializable: ObjectId
2025-07-14 15:43:41,018 [INFO] 1 change detected
2025-07-14 15:43:42,189 [INFO] 1 change detected
2025-07-14 15:44:09,030 [INFO] 1 change detected
2025-07-14 15:46:07,411 [INFO] 1 change detected
2025-07-14 15:46:10,860 [INFO] 1 change detected
2025-07-14 15:46:12,363 [INFO] 1 change detected
2025-07-14 15:46:46,732 [INFO] 1 change detected
2025-07-14 15:46:58,463 [INFO] 4 changes detected
2025-07-14 15:46:59,546 [INFO] 1 change detected
2025-07-14 15:46:59,910 [INFO] 5 changes detected
2025-07-14 15:47:00,631 [INFO] 1 change detected
2025-07-14 15:47:01,598 [INFO] 1 change detected
2025-07-14 15:47:06,870 [INFO] Loading upload record from ID: 68755428ca66ce8b701dbebc
2025-07-14 15:47:06,893 [INFO] Validating record status
2025-07-14 15:47:06,896 [INFO] Initializing database connection
2025-07-14 15:47:07,059 [ERROR] Error initializing database connection: 'cryptography' package is required for sha256_password or caching_sha2_password auth methods
2025-07-14 15:47:07,060 [INFO] Getting Table Information
2025-07-14 15:47:07,061 [INFO] Selecting relevant tables
2025-07-14 15:47:07,062 [INFO] Selected tables: Table Name: productlines
Table Description: No description provided

Table Name: products
Table Description: No description provided

Table Name: offices
Table Description: No description provided

Table Name: employees
Table Description: No description provided

Table Name: customers
Table Description: No description provided

Table Name: payments
Table Description: No description provided

Table Name: orders
Table Description: No description provided

Table Name: orderdetails
Table Description: No description provided


2025-07-14 15:47:07,064 [INFO] Generating SQL Query
2025-07-14 15:47:07,064 [ERROR] Error generating query: 'database_connection'
2025-07-14 15:47:07,065 [INFO] Executing SQL Query
2025-07-14 15:47:07,066 [ERROR] Error executing query: 'database_connection'
2025-07-14 15:47:07,067 [ERROR] Error in LangGraph execution: Type is not msgpack serializable: ObjectId
2025-07-14 15:47:07,428 [INFO] 1 change detected
2025-07-14 15:47:08,866 [INFO] 1 change detected
2025-07-14 15:47:36,956 [INFO] 4 changes detected
2025-07-14 15:47:37,820 [INFO] 1 change detected
2025-07-14 15:47:38,900 [INFO] 1 change detected
2025-07-14 15:47:39,670 [INFO] 1 change detected
2025-07-14 15:47:46,601 [INFO] 1 change detected
2025-07-14 15:48:01,240 [INFO] 1 change detected
2025-07-14 15:48:08,376 [INFO] 1 change detected
2025-07-14 15:48:14,935 [INFO] 1 change detected
2025-07-14 15:48:29,313 [INFO] 1 change detected
2025-07-14 15:48:45,540 [INFO] 3 changes detected
2025-07-14 15:48:47,475 [INFO] 5 changes detected
2025-07-14 15:48:56,383 [INFO] Loading upload record from ID: 68755428ca66ce8b701dbebc
2025-07-14 15:48:56,406 [INFO] Validating record status
2025-07-14 15:48:56,408 [INFO] Initializing database connection
2025-07-14 15:48:56,885 [INFO] Database Connection established successfully
2025-07-14 15:48:56,887 [INFO] Getting Table Information
2025-07-14 15:48:56,888 [INFO] Selecting relevant tables
2025-07-14 15:48:56,889 [INFO] Selected tables: Table Name: productlines
Table Description: No description provided

Table Name: products
Table Description: No description provided

Table Name: offices
Table Description: No description provided

Table Name: employees
Table Description: No description provided

Table Name: customers
Table Description: No description provided

Table Name: payments
Table Description: No description provided

Table Name: orders
Table Description: No description provided

Table Name: orderdetails
Table Description: No description provided


2025-07-14 15:48:56,891 [INFO] Generating SQL Query
2025-07-14 15:48:56,893 [ERROR] Error generating query: 'database_connection'
2025-07-14 15:48:56,894 [INFO] Executing SQL Query
2025-07-14 15:48:56,895 [ERROR] Error executing query: 'database_connection'
2025-07-14 15:48:56,897 [ERROR] Error in LangGraph execution: Type is not msgpack serializable: ObjectId
2025-07-14 15:48:57,175 [INFO] 1 change detected
2025-07-14 15:48:58,296 [INFO] 1 change detected
2025-07-14 15:49:19,151 [INFO] 1 change detected
2025-07-14 15:50:14,001 [INFO] 4 changes detected
2025-07-14 15:50:15,170 [INFO] 6 changes detected
2025-07-14 15:50:16,247 [INFO] 1 change detected
2025-07-14 15:50:17,272 [INFO] 1 change detected
2025-07-14 15:50:21,538 [INFO] Loading upload record from ID: 68755428ca66ce8b701dbebc
2025-07-14 15:50:21,554 [INFO] Validating record status
2025-07-14 15:50:21,556 [INFO] Initializing database connection
2025-07-14 15:50:21,727 [INFO] Database Connection established successfully
2025-07-14 15:50:21,728 [INFO] Getting Table Information
2025-07-14 15:50:21,729 [INFO] Selecting relevant tables
2025-07-14 15:50:21,730 [INFO] Selected tables: Table Name: productlines
Table Description: No description provided

Table Name: products
Table Description: No description provided

Table Name: offices
Table Description: No description provided

Table Name: employees
Table Description: No description provided

Table Name: customers
Table Description: No description provided

Table Name: payments
Table Description: No description provided

Table Name: orders
Table Description: No description provided

Table Name: orderdetails
Table Description: No description provided


2025-07-14 15:50:21,731 [INFO] Generating SQL Query
2025-07-14 15:50:21,810 [ERROR] Failed to extract examples: malformed node or string on line 56: <ast.Call object at 0x0000024551F0A9E0>
2025-07-14 15:50:21,814 [ERROR] Error generating query: 1 validation error for FewShotChatMessagePromptTemplate
example_selector
  Input should be an instance of BaseExampleSelector [type=is_instance_of, input_value={'upload_id': '68755428ca...E0>', 'cached_data': {}}, input_type=dict]
    For further information visit https://errors.pydantic.dev/2.11/v/is_instance_of
2025-07-14 15:50:21,816 [INFO] Executing SQL Query
2025-07-14 15:50:21,816 [ERROR] Error executing query: 'database_connection'
2025-07-14 15:50:21,818 [ERROR] Error in LangGraph execution: Type is not msgpack serializable: ObjectId
2025-07-14 15:50:22,177 [INFO] 1 change detected
2025-07-14 15:50:23,299 [INFO] 1 change detected
2025-07-14 15:50:42,866 [INFO] 1 change detected
2025-07-14 15:51:24,986 [INFO] 1 change detected
2025-07-14 15:51:30,673 [INFO] 1 change detected
2025-07-14 15:53:06,728 [INFO] 1 change detected
2025-07-14 15:53:16,234 [INFO] Loading upload record from ID: 68755428ca66ce8b701dbebc
2025-07-14 15:53:16,241 [INFO] Validating record status
2025-07-14 15:53:16,244 [INFO] Initializing database connection
2025-07-14 15:53:16,538 [INFO] Database Connection established successfully
2025-07-14 15:53:16,541 [INFO] Getting Table Information
2025-07-14 15:53:16,543 [INFO] Selecting relevant tables
2025-07-14 15:53:16,544 [INFO] Selected tables: Table Name: productlines
Table Description: No description provided

Table Name: products
Table Description: No description provided

Table Name: offices
Table Description: No description provided

Table Name: employees
Table Description: No description provided

Table Name: customers
Table Description: No description provided

Table Name: payments
Table Description: No description provided

Table Name: orders
Table Description: No description provided

Table Name: orderdetails
Table Description: No description provided


2025-07-14 15:53:16,547 [INFO] Generating SQL Query
2025-07-14 15:53:16,660 [INFO] Extracted 6 example(s) from python_file
2025-07-14 15:53:18,703 [INFO] Anonymized telemetry enabled. See                     https://docs.trychroma.com/telemetry for more information.
2025-07-14 15:53:21,216 [INFO] HTTP Request: POST https://slideoo-editor-chatbot.openai.azure.com/openai/deployments/Text-Analytics/embeddings?api-version=2024-02-01 "HTTP/1.1 200 OK"
2025-07-14 15:53:21,724 [INFO] HTTP Request: POST https://slideoo-editor-chatbot.openai.azure.com/openai/deployments/Text-Analytics/embeddings?api-version=2024-02-01 "HTTP/1.1 200 OK"
2025-07-14 15:53:22,523 [INFO] HTTP Request: POST https://slideoo-editor-chatbot.openai.azure.com/openai/deployments/slideoo-chat-1/chat/completions?api-version=2024-02-01 "HTTP/1.1 200 OK"
2025-07-14 15:53:22,535 [INFO] Generated query: SELECT * FROM customers WHERE contactFirstName = 'John' OR contactLastName = 'John';
2025-07-14 15:53:22,536 [INFO] Executing SQL Query
2025-07-14 15:53:22,537 [ERROR] Error executing query: 'database_connection'
2025-07-14 15:53:22,539 [ERROR] Error in LangGraph execution: Type is not msgpack serializable: ObjectId
2025-07-14 15:53:23,126 [INFO] 1 change detected
2025-07-14 15:53:24,407 [INFO] 1 change detected
2025-07-14 15:53:32,830 [INFO] 1 change detected
2025-07-14 15:54:26,048 [INFO] 4 changes detected
2025-07-14 15:54:27,404 [INFO] 6 changes detected
2025-07-14 15:54:28,737 [INFO] 1 change detected
2025-07-14 15:54:29,814 [INFO] 1 change detected
2025-07-14 15:54:33,756 [INFO] Loading upload record from ID: 68755428ca66ce8b701dbebc
2025-07-14 15:54:33,778 [INFO] Validating record status
2025-07-14 15:54:33,780 [INFO] Initializing database connection
2025-07-14 15:54:33,913 [INFO] Database Connection established successfully
2025-07-14 15:54:33,914 [INFO] Getting Table Information
2025-07-14 15:54:33,915 [INFO] Selecting relevant tables
2025-07-14 15:54:33,916 [INFO] Selected tables: Table Name: productlines
Table Description: No description provided

Table Name: products
Table Description: No description provided

Table Name: offices
Table Description: No description provided

Table Name: employees
Table Description: No description provided

Table Name: customers
Table Description: No description provided

Table Name: payments
Table Description: No description provided

Table Name: orders
Table Description: No description provided

Table Name: orderdetails
Table Description: No description provided


2025-07-14 15:54:33,917 [INFO] Generating SQL Query
2025-07-14 15:54:33,988 [INFO] Extracted 6 example(s) from python_file
2025-07-14 15:54:34,570 [INFO] Anonymized telemetry enabled. See                     https://docs.trychroma.com/telemetry for more information.
2025-07-14 15:54:35,418 [INFO] HTTP Request: POST https://slideoo-editor-chatbot.openai.azure.com/openai/deployments/Text-Analytics/embeddings?api-version=2024-02-01 "HTTP/1.1 200 OK"
2025-07-14 15:54:35,699 [INFO] HTTP Request: POST https://slideoo-editor-chatbot.openai.azure.com/openai/deployments/Text-Analytics/embeddings?api-version=2024-02-01 "HTTP/1.1 200 OK"
2025-07-14 15:54:36,742 [INFO] HTTP Request: POST https://slideoo-editor-chatbot.openai.azure.com/openai/deployments/slideoo-chat-1/chat/completions?api-version=2024-02-01 "HTTP/1.1 200 OK"
2025-07-14 15:54:36,751 [INFO] Generated query: SELECT * FROM customers WHERE customerName LIKE '%John%';
2025-07-14 15:54:36,752 [INFO] Executing SQL Query
2025-07-14 15:54:36,838 [ERROR] Error executing query: 1 validation error for _QuerySQLDatabaseToolInput
  Input should be a valid dictionary or instance of _QuerySQLDatabaseToolInput [type=model_type, input_value=None, input_type=NoneType]
    For further information visit https://errors.pydantic.dev/2.11/v/model_type
2025-07-14 15:54:36,840 [ERROR] Error in LangGraph execution: Type is not msgpack serializable: ObjectId
2025-07-14 15:54:37,154 [INFO] 1 change detected
2025-07-14 15:54:38,284 [INFO] 1 change detected
2025-07-14 15:55:00,367 [INFO] 1 change detected
2025-07-14 15:55:22,086 [INFO] 4 changes detected
2025-07-14 15:55:23,379 [INFO] 1 change detected
2025-07-14 15:55:24,609 [INFO] 1 change detected
2025-07-14 15:55:25,269 [INFO] 1 change detected
2025-07-14 15:55:34,649 [INFO] 1 change detected
2025-07-14 15:55:57,891 [INFO] 4 changes detected
2025-07-14 15:55:59,161 [INFO] 6 changes detected
2025-07-14 15:56:00,288 [INFO] 1 change detected
2025-07-14 15:56:01,114 [INFO] 1 change detected
2025-07-14 15:56:05,163 [INFO] Loading upload record from ID: 68755428ca66ce8b701dbebc
2025-07-14 15:56:05,177 [INFO] Validating record status
2025-07-14 15:56:05,179 [INFO] Initializing database connection
2025-07-14 15:56:05,332 [INFO] Database Connection established successfully
2025-07-14 15:56:05,333 [INFO] Getting Table Information
2025-07-14 15:56:05,335 [INFO] Selecting relevant tables
2025-07-14 15:56:05,336 [INFO] Selected tables: Table Name: productlines
Table Description: No description provided

Table Name: products
Table Description: No description provided

Table Name: offices
Table Description: No description provided

Table Name: employees
Table Description: No description provided

Table Name: customers
Table Description: No description provided

Table Name: payments
Table Description: No description provided

Table Name: orders
Table Description: No description provided

Table Name: orderdetails
Table Description: No description provided


2025-07-14 15:56:05,338 [INFO] Generating SQL Query
2025-07-14 15:56:05,421 [INFO] Extracted 6 example(s) from python_file
2025-07-14 15:56:05,975 [INFO] Anonymized telemetry enabled. See                     https://docs.trychroma.com/telemetry for more information.
2025-07-14 15:56:06,812 [INFO] HTTP Request: POST https://slideoo-editor-chatbot.openai.azure.com/openai/deployments/Text-Analytics/embeddings?api-version=2024-02-01 "HTTP/1.1 200 OK"
2025-07-14 15:56:07,093 [INFO] HTTP Request: POST https://slideoo-editor-chatbot.openai.azure.com/openai/deployments/Text-Analytics/embeddings?api-version=2024-02-01 "HTTP/1.1 200 OK"
2025-07-14 15:56:07,789 [INFO] HTTP Request: POST https://slideoo-editor-chatbot.openai.azure.com/openai/deployments/slideoo-chat-1/chat/completions?api-version=2024-02-01 "HTTP/1.1 200 OK"
2025-07-14 15:56:07,797 [INFO] Generated query: SELECT * FROM customers WHERE contactFirstName = 'John';
2025-07-14 15:56:07,799 [INFO] Executing SQL Query
2025-07-14 15:56:07,875 [ERROR] Error executing query: 1 validation error for _QuerySQLDatabaseToolInput
  Input should be a valid dictionary or instance of _QuerySQLDatabaseToolInput [type=model_type, input_value=None, input_type=NoneType]
    For further information visit https://errors.pydantic.dev/2.11/v/model_type
2025-07-14 15:56:07,877 [ERROR] Error in LangGraph execution: Type is not msgpack serializable: ObjectId
2025-07-14 15:56:08,456 [INFO] 1 change detected
2025-07-14 15:56:09,637 [INFO] 1 change detected
2025-07-14 15:56:25,586 [INFO] 1 change detected
2025-07-14 15:58:15,172 [INFO] 1 change detected
2025-07-14 15:58:17,238 [INFO] 1 change detected
2025-07-14 15:58:19,417 [INFO] 1 change detected
2025-07-14 15:58:25,068 [INFO] 4 changes detected
2025-07-14 15:58:26,291 [INFO] 6 changes detected
2025-07-14 15:58:28,031 [INFO] 1 change detected
2025-07-14 15:58:29,207 [INFO] 1 change detected
2025-07-14 15:58:34,091 [INFO] Loading upload record from ID: 68755428ca66ce8b701dbebc
2025-07-14 15:58:34,116 [INFO] Validating record status
2025-07-14 15:58:34,118 [INFO] Initializing database connection
2025-07-14 15:58:34,321 [INFO] Database Connection established successfully
2025-07-14 15:58:34,322 [INFO] Getting Table Information
2025-07-14 15:58:34,323 [INFO] Selecting relevant tables
2025-07-14 15:58:34,324 [INFO] Selected tables: Table Name: productlines
Table Description: No description provided

Table Name: products
Table Description: No description provided

Table Name: offices
Table Description: No description provided

Table Name: employees
Table Description: No description provided

Table Name: customers
Table Description: No description provided

Table Name: payments
Table Description: No description provided

Table Name: orders
Table Description: No description provided

Table Name: orderdetails
Table Description: No description provided


2025-07-14 15:58:34,325 [INFO] Generating SQL Query
2025-07-14 15:58:34,326 [ERROR] Error generating query: 'database_uri'
2025-07-14 15:58:34,327 [INFO] Executing SQL Query
2025-07-14 15:58:34,327 [ERROR] Error executing query: No query generated
2025-07-14 15:58:34,861 [INFO] 1 change detected
2025-07-14 15:58:35,836 [INFO] 1 change detected
2025-07-14 15:58:57,684 [INFO] 1 change detected
2025-07-14 16:02:43,849 [INFO] 4 changes detected
2025-07-14 16:02:44,899 [INFO] 2 changes detected
2025-07-14 16:02:45,916 [INFO] 1 change detected
2025-07-14 16:02:46,738 [INFO] 1 change detected
2025-07-14 16:02:51,426 [INFO] 1 change detected
2025-07-14 16:03:01,829 [INFO] 4 changes detected
2025-07-14 16:03:03,038 [INFO] 1 change detected
2025-07-14 16:03:04,012 [INFO] 5 changes detected
2025-07-14 16:03:04,378 [INFO] 1 change detected
2025-07-14 16:03:04,946 [INFO] 1 change detected
2025-07-14 16:03:10,363 [INFO] Loading upload record from ID: 68755428ca66ce8b701dbebc
2025-07-14 16:03:10,385 [INFO] Validating record status
2025-07-14 16:03:10,387 [INFO] Initializing database connection
2025-07-14 16:03:10,522 [INFO] Database Connection established successfully
2025-07-14 16:03:10,523 [INFO] Getting Table Information
2025-07-14 16:03:10,524 [INFO] Selecting relevant tables
2025-07-14 16:03:10,525 [INFO] Selected tables: Table Name: productlines
Table Description: Stores information about the different product lines offered by the company, including a unique name, textual description, HTML description , and image. Categorizes products into different lines.

Table Name: products
Table Description: Contains details of each product sold by the company, including code, name, product line, scale, vendor, description, stock quantity, buy price, and MSRP. Linked to the productlines table

Table Name: offices
Table Description: Holds data on the company's sales offices, including office code, city, phone number, address , state, country, postal code, and territory. Each office is uniquely identified by its office code.

Table Name: employees
Table Description: Stores information about employees, including number, last name, first name, job title, contact info, and office code. Links to offices and maps organizational structure through the reportsTo attribute.

Table Name: customers
Table Description: Captures data on customers, including customer number, name,  contact details,  address,  assigned sales rep and credit limit. Central to managing customer relationships and sales processes.

Table Name: payments
Table Description: Records payments made by customers, tracking the customer number, check number , payment date, and amount. Linked to the customers tables for financial tracking and account management.

Table Name: orders
Table Description: Details each sales order placed by customers, including order number, dates, status, comments, and customer number. Linked to the customers table, tracking sales transactions

Table Name: orderdetails
Table Description: Describes individual line items for each sales order, including order number, product code, quantity, price, and order line number. Links orders to products, detailing the items sold


2025-07-14 16:03:10,527 [INFO] Generating SQL Query
2025-07-14 16:03:10,611 [INFO] Extracted 6 example(s) from python_file
2025-07-14 16:03:11,286 [INFO] Anonymized telemetry enabled. See                     https://docs.trychroma.com/telemetry for more information.
2025-07-14 16:03:12,247 [INFO] HTTP Request: POST https://slideoo-editor-chatbot.openai.azure.com/openai/deployments/Text-Analytics/embeddings?api-version=2024-02-01 "HTTP/1.1 200 OK"
2025-07-14 16:03:12,555 [INFO] HTTP Request: POST https://slideoo-editor-chatbot.openai.azure.com/openai/deployments/Text-Analytics/embeddings?api-version=2024-02-01 "HTTP/1.1 200 OK"
2025-07-14 16:03:13,334 [INFO] HTTP Request: POST https://slideoo-editor-chatbot.openai.azure.com/openai/deployments/slideoo-chat-1/chat/completions?api-version=2024-02-01 "HTTP/1.1 200 OK"
2025-07-14 16:03:13,347 [INFO] Generated query: SELECT * FROM customers WHERE customerName LIKE '%John%';
2025-07-14 16:03:13,349 [INFO] Executing SQL Query
2025-07-14 16:03:13,422 [INFO] Query executed Successfully
2025-07-14 16:03:13,423 [INFO] Generating Final Answer
2025-07-14 16:03:13,791 [INFO] HTTP Request: POST https://slideoo-editor-chatbot.openai.azure.com/openai/deployments/slideoo-chat-1/chat/completions?api-version=2024-02-01 "HTTP/1.1 200 OK"
2025-07-14 16:03:13,794 [INFO] Final answer generated successfully
2025-07-14 16:03:13,796 [INFO] Updating memory
2025-07-14 16:03:13,797 [ERROR] Error updating memory: update_chat_history() missing 1 required positional argument: 'messages'
2025-07-14 16:03:14,701 [INFO] 1 change detected
2025-07-14 16:03:15,927 [INFO] 1 change detected
2025-07-14 16:03:26,865 [INFO] 1 change detected
2025-07-14 16:04:07,906 [INFO] 1 change detected
2025-07-14 16:04:09,887 [INFO] 1 change detected
2025-07-14 16:04:58,115 [INFO] 4 changes detected
2025-07-14 16:04:59,138 [INFO] 1 change detected
2025-07-14 16:05:00,262 [INFO] 1 change detected
2025-07-14 16:05:00,773 [INFO] 5 changes detected
2025-07-14 16:05:01,126 [INFO] 1 change detected
2025-07-14 16:05:07,167 [INFO] Loading upload record from ID: 68755428ca66ce8b701dbebc
2025-07-14 16:05:07,172 [INFO] Validating record status
2025-07-14 16:05:07,174 [INFO] Initializing database connection
2025-07-14 16:05:07,309 [INFO] Database Connection established successfully
2025-07-14 16:05:07,310 [INFO] Getting Table Information
2025-07-14 16:05:07,311 [INFO] Selecting relevant tables
2025-07-14 16:05:07,312 [INFO] Selected tables: Table Name: productlines
Table Description: Stores information about the different product lines offered by the company, including a unique name, textual description, HTML description , and image. Categorizes products into different lines.

Table Name: products
Table Description: Contains details of each product sold by the company, including code, name, product line, scale, vendor, description, stock quantity, buy price, and MSRP. Linked to the productlines table

Table Name: offices
Table Description: Holds data on the company's sales offices, including office code, city, phone number, address , state, country, postal code, and territory. Each office is uniquely identified by its office code.

Table Name: employees
Table Description: Stores information about employees, including number, last name, first name, job title, contact info, and office code. Links to offices and maps organizational structure through the reportsTo attribute.

Table Name: customers
Table Description: Captures data on customers, including customer number, name,  contact details,  address,  assigned sales rep and credit limit. Central to managing customer relationships and sales processes.

Table Name: payments
Table Description: Records payments made by customers, tracking the customer number, check number , payment date, and amount. Linked to the customers tables for financial tracking and account management.

Table Name: orders
Table Description: Details each sales order placed by customers, including order number, dates, status, comments, and customer number. Linked to the customers table, tracking sales transactions

Table Name: orderdetails
Table Description: Describes individual line items for each sales order, including order number, product code, quantity, price, and order line number. Links orders to products, detailing the items sold


2025-07-14 16:05:07,314 [INFO] Generating SQL Query
2025-07-14 16:05:07,395 [INFO] Extracted 6 example(s) from python_file
2025-07-14 16:05:07,947 [INFO] Anonymized telemetry enabled. See                     https://docs.trychroma.com/telemetry for more information.
2025-07-14 16:05:08,900 [INFO] HTTP Request: POST https://slideoo-editor-chatbot.openai.azure.com/openai/deployments/Text-Analytics/embeddings?api-version=2024-02-01 "HTTP/1.1 200 OK"
2025-07-14 16:05:09,189 [INFO] HTTP Request: POST https://slideoo-editor-chatbot.openai.azure.com/openai/deployments/Text-Analytics/embeddings?api-version=2024-02-01 "HTTP/1.1 200 OK"
2025-07-14 16:05:09,866 [INFO] HTTP Request: POST https://slideoo-editor-chatbot.openai.azure.com/openai/deployments/slideoo-chat-1/chat/completions?api-version=2024-02-01 "HTTP/1.1 200 OK"
2025-07-14 16:05:09,876 [INFO] Generated query: SELECT * FROM customers WHERE contactFirstName = 'John';
2025-07-14 16:05:09,878 [INFO] Executing SQL Query
2025-07-14 16:05:09,965 [INFO] Query executed Successfully
2025-07-14 16:05:09,966 [INFO] Generating Final Answer
2025-07-14 16:05:10,575 [INFO] HTTP Request: POST https://slideoo-editor-chatbot.openai.azure.com/openai/deployments/slideoo-chat-1/chat/completions?api-version=2024-02-01 "HTTP/1.1 200 OK"
2025-07-14 16:05:10,577 [INFO] Final answer generated successfully
2025-07-14 16:05:10,578 [INFO] Updating memory
2025-07-14 16:05:10,578 [ERROR] Error updating Chat History: 'Do we have any customer named John' is not a valid ObjectId, it must be a 12-byte input or a 24-character hex string
2025-07-14 16:05:10,579 [INFO] Memory updated successfully
2025-07-14 16:05:11,006 [INFO] 1 change detected
2025-07-14 16:05:12,180 [INFO] 1 change detected
2025-07-14 16:09:07,391 [INFO] 1 change detected
2025-07-14 16:09:09,661 [INFO] 1 change detected
2025-07-14 16:09:36,962 [INFO] 1 change detected
2025-07-14 16:10:10,938 [INFO] 4 changes detected
2025-07-14 16:10:11,880 [INFO] 2 changes detected
2025-07-14 16:10:13,394 [INFO] 1 change detected
2025-07-14 16:10:14,478 [INFO] 1 change detected
2025-07-14 16:10:15,035 [INFO] 1 change detected
2025-07-14 16:18:33,498 [INFO] 4 changes detected
2025-07-14 16:18:34,802 [INFO] 1 change detected
2025-07-14 16:18:35,979 [INFO] 1 change detected
2025-07-14 16:18:36,802 [INFO] 1 change detected
2025-07-14 16:18:52,999 [INFO] 1 change detected
2025-07-14 16:19:22,250 [INFO] 4 changes detected
2025-07-14 16:19:23,115 [INFO] 1 change detected
2025-07-14 16:19:24,293 [INFO] 1 change detected
2025-07-14 16:19:25,555 [INFO] 1 change detected
2025-07-14 16:19:25,908 [INFO] 1 change detected
2025-07-14 16:19:27,798 [INFO] 1 change detected
2025-07-14 16:22:39,293 [INFO] 1 change detected
2025-07-14 16:22:42,560 [INFO] 1 change detected
2025-07-14 16:23:27,924 [INFO] 1 change detected
2025-07-14 16:24:23,220 [INFO] 4 changes detected
2025-07-14 16:24:24,493 [INFO] 2 changes detected
2025-07-14 16:24:25,569 [INFO] 1 change detected
2025-07-14 16:24:26,591 [INFO] 1 change detected
2025-07-14 16:26:04,709 [INFO] 4 changes detected
2025-07-14 16:26:05,956 [INFO] 1 change detected
2025-07-14 16:26:06,318 [INFO] 5 changes detected
2025-07-14 16:26:07,039 [INFO] 1 change detected
2025-07-14 16:26:07,853 [INFO] 1 change detected
2025-07-14 16:26:13,520 [INFO] 1 change detected
2025-07-14 16:26:14,341 [INFO] 1 change detected
2025-07-14 16:26:21,264 [INFO] 1 change detected
2025-07-14 16:26:56,315 [INFO] 1 change detected
2025-07-14 16:27:09,417 [INFO] 1 change detected
2025-07-14 16:28:43,402 [INFO] 4 changes detected
2025-07-14 16:28:44,796 [INFO] 6 changes detected
2025-07-14 16:28:45,823 [INFO] 1 change detected
2025-07-14 16:28:46,689 [INFO] 1 change detected
2025-07-14 16:28:50,708 [INFO] Loading upload record from ID: 68755428ca66ce8b701dbebc
2025-07-14 16:28:50,712 [INFO] Validating record status
2025-07-14 16:28:50,714 [INFO] Initializing database connection
2025-07-14 16:28:50,907 [INFO] Database Connection established successfully
2025-07-14 16:28:50,908 [INFO] Getting Table Information
2025-07-14 16:28:50,909 [INFO] Selecting relevant tables
2025-07-14 16:28:50,909 [INFO] Selected tables: Table Name: productlines
Table Description: Stores information about the different product lines offered by the company, including a unique name, textual description, HTML description , and image. Categorizes products into different lines.

Table Name: products
Table Description: Contains details of each product sold by the company, including code, name, product line, scale, vendor, description, stock quantity, buy price, and MSRP. Linked to the productlines table

Table Name: offices
Table Description: Holds data on the company's sales offices, including office code, city, phone number, address , state, country, postal code, and territory. Each office is uniquely identified by its office code.

Table Name: employees
Table Description: Stores information about employees, including number, last name, first name, job title, contact info, and office code. Links to offices and maps organizational structure through the reportsTo attribute.

Table Name: customers
Table Description: Captures data on customers, including customer number, name,  contact details,  address,  assigned sales rep and credit limit. Central to managing customer relationships and sales processes.

Table Name: payments
Table Description: Records payments made by customers, tracking the customer number, check number , payment date, and amount. Linked to the customers tables for financial tracking and account management.

Table Name: orders
Table Description: Details each sales order placed by customers, including order number, dates, status, comments, and customer number. Linked to the customers table, tracking sales transactions

Table Name: orderdetails
Table Description: Describes individual line items for each sales order, including order number, product code, quantity, price, and order line number. Links orders to products, detailing the items sold


2025-07-14 16:28:50,912 [INFO] Generating SQL Query
2025-07-14 16:28:51,028 [INFO] Extracted 6 example(s) from python_file
2025-07-14 16:28:51,799 [INFO] Anonymized telemetry enabled. See                     https://docs.trychroma.com/telemetry for more information.
2025-07-14 16:28:53,035 [INFO] HTTP Request: POST https://slideoo-editor-chatbot.openai.azure.com/openai/deployments/Text-Analytics/embeddings?api-version=2024-02-01 "HTTP/1.1 200 OK"
2025-07-14 16:28:53,446 [INFO] HTTP Request: POST https://slideoo-editor-chatbot.openai.azure.com/openai/deployments/Text-Analytics/embeddings?api-version=2024-02-01 "HTTP/1.1 200 OK"
2025-07-14 16:28:54,337 [INFO] HTTP Request: POST https://slideoo-editor-chatbot.openai.azure.com/openai/deployments/slideoo-chat-1/chat/completions?api-version=2024-02-01 "HTTP/1.1 200 OK"
2025-07-14 16:28:54,350 [INFO] Generated query: SELECT * FROM customers WHERE customerName = 'John';
2025-07-14 16:28:54,351 [INFO] Executing SQL Query
2025-07-14 16:28:54,440 [ERROR] Error executing query: Expected a Runnable, callable or dict.Instead got an unsupported type: <class 'str'>
2025-07-14 16:28:55,158 [INFO] 1 change detected
2025-07-14 16:29:33,332 [INFO] 1 change detected
2025-07-14 16:31:12,512 [INFO] 1 change detected
2025-07-14 16:31:14,035 [INFO] 1 change detected
2025-07-14 16:31:30,487 [INFO] 4 changes detected
2025-07-14 16:31:31,520 [INFO] 1 change detected
2025-07-14 16:31:32,645 [INFO] 1 change detected
2025-07-14 16:31:32,998 [INFO] 1 change detected
2025-07-14 16:31:33,716 [INFO] 1 change detected
2025-07-14 16:31:48,957 [INFO] 1 change detected
2025-07-14 16:31:55,125 [INFO] 5 changes detected
2025-07-14 16:32:01,471 [INFO] Loading upload record from ID: 68755428ca66ce8b701dbebc
2025-07-14 16:32:01,495 [INFO] Validating record status
2025-07-14 16:32:01,497 [INFO] Initializing database connection
2025-07-14 16:32:01,661 [INFO] Database Connection established successfully
2025-07-14 16:32:01,663 [INFO] Getting Table Information
2025-07-14 16:32:01,664 [INFO] Selecting relevant tables
2025-07-14 16:32:01,664 [INFO] Selected tables: Table Name: productlines
Table Description: Stores information about the different product lines offered by the company, including a unique name, textual description, HTML description , and image. Categorizes products into different lines.

Table Name: products
Table Description: Contains details of each product sold by the company, including code, name, product line, scale, vendor, description, stock quantity, buy price, and MSRP. Linked to the productlines table

Table Name: offices
Table Description: Holds data on the company's sales offices, including office code, city, phone number, address , state, country, postal code, and territory. Each office is uniquely identified by its office code.

Table Name: employees
Table Description: Stores information about employees, including number, last name, first name, job title, contact info, and office code. Links to offices and maps organizational structure through the reportsTo attribute.

Table Name: customers
Table Description: Captures data on customers, including customer number, name,  contact details,  address,  assigned sales rep and credit limit. Central to managing customer relationships and sales processes.

Table Name: payments
Table Description: Records payments made by customers, tracking the customer number, check number , payment date, and amount. Linked to the customers tables for financial tracking and account management.

Table Name: orders
Table Description: Details each sales order placed by customers, including order number, dates, status, comments, and customer number. Linked to the customers table, tracking sales transactions

Table Name: orderdetails
Table Description: Describes individual line items for each sales order, including order number, product code, quantity, price, and order line number. Links orders to products, detailing the items sold


2025-07-14 16:32:01,667 [INFO] Generating SQL Query
2025-07-14 16:32:01,749 [INFO] Extracted 6 example(s) from python_file
2025-07-14 16:32:02,417 [INFO] Anonymized telemetry enabled. See                     https://docs.trychroma.com/telemetry for more information.
2025-07-14 16:32:03,400 [INFO] HTTP Request: POST https://slideoo-editor-chatbot.openai.azure.com/openai/deployments/Text-Analytics/embeddings?api-version=2024-02-01 "HTTP/1.1 200 OK"
2025-07-14 16:32:03,722 [INFO] HTTP Request: POST https://slideoo-editor-chatbot.openai.azure.com/openai/deployments/Text-Analytics/embeddings?api-version=2024-02-01 "HTTP/1.1 200 OK"
2025-07-14 16:32:04,422 [INFO] HTTP Request: POST https://slideoo-editor-chatbot.openai.azure.com/openai/deployments/slideoo-chat-1/chat/completions?api-version=2024-02-01 "HTTP/1.1 200 OK"
2025-07-14 16:32:04,433 [INFO] Generated query: SELECT * FROM customers WHERE customerName LIKE '%John%';
2025-07-14 16:32:04,435 [INFO] Executing SQL Query
2025-07-14 16:32:05,019 [INFO] HTTP Request: POST https://slideoo-editor-chatbot.openai.azure.com/openai/deployments/slideoo-chat-1/chat/completions?api-version=2024-02-01 "HTTP/1.1 200 OK"
2025-07-14 16:32:05,024 [ERROR] Error executing query: Expected a Runnable, callable or dict.Instead got an unsupported type: <class 'list'>
2025-07-14 16:32:05,795 [INFO] 1 change detected
2025-07-14 16:32:06,968 [INFO] 1 change detected
2025-07-14 16:32:17,115 [INFO] 1 change detected
2025-07-14 16:32:56,530 [INFO] 4 changes detected
2025-07-14 16:32:57,440 [INFO] 6 changes detected
2025-07-14 16:32:58,568 [INFO] 1 change detected
2025-07-14 16:32:59,336 [INFO] 1 change detected
2025-07-14 16:33:03,481 [INFO] Loading upload record from ID: 68755428ca66ce8b701dbebc
2025-07-14 16:33:03,508 [INFO] Validating record status
2025-07-14 16:33:03,510 [INFO] Initializing database connection
2025-07-14 16:33:03,645 [INFO] Database Connection established successfully
2025-07-14 16:33:03,647 [INFO] Getting Table Information
2025-07-14 16:33:03,648 [INFO] Selecting relevant tables
2025-07-14 16:33:03,649 [INFO] Selected tables: Table Name: productlines
Table Description: Stores information about the different product lines offered by the company, including a unique name, textual description, HTML description , and image. Categorizes products into different lines.

Table Name: products
Table Description: Contains details of each product sold by the company, including code, name, product line, scale, vendor, description, stock quantity, buy price, and MSRP. Linked to the productlines table

Table Name: offices
Table Description: Holds data on the company's sales offices, including office code, city, phone number, address , state, country, postal code, and territory. Each office is uniquely identified by its office code.

Table Name: employees
Table Description: Stores information about employees, including number, last name, first name, job title, contact info, and office code. Links to offices and maps organizational structure through the reportsTo attribute.

Table Name: customers
Table Description: Captures data on customers, including customer number, name,  contact details,  address,  assigned sales rep and credit limit. Central to managing customer relationships and sales processes.

Table Name: payments
Table Description: Records payments made by customers, tracking the customer number, check number , payment date, and amount. Linked to the customers tables for financial tracking and account management.

Table Name: orders
Table Description: Details each sales order placed by customers, including order number, dates, status, comments, and customer number. Linked to the customers table, tracking sales transactions

Table Name: orderdetails
Table Description: Describes individual line items for each sales order, including order number, product code, quantity, price, and order line number. Links orders to products, detailing the items sold


2025-07-14 16:33:03,651 [INFO] Generating SQL Query
2025-07-14 16:33:03,716 [INFO] Extracted 6 example(s) from python_file
2025-07-14 16:33:04,256 [INFO] Anonymized telemetry enabled. See                     https://docs.trychroma.com/telemetry for more information.
2025-07-14 16:33:05,033 [INFO] HTTP Request: POST https://slideoo-editor-chatbot.openai.azure.com/openai/deployments/Text-Analytics/embeddings?api-version=2024-02-01 "HTTP/1.1 200 OK"
2025-07-14 16:33:05,317 [INFO] HTTP Request: POST https://slideoo-editor-chatbot.openai.azure.com/openai/deployments/Text-Analytics/embeddings?api-version=2024-02-01 "HTTP/1.1 200 OK"
2025-07-14 16:33:06,107 [INFO] HTTP Request: POST https://slideoo-editor-chatbot.openai.azure.com/openai/deployments/slideoo-chat-1/chat/completions?api-version=2024-02-01 "HTTP/1.1 200 OK"
2025-07-14 16:33:06,117 [INFO] Generated query: SELECT * FROM customers WHERE contactFirstName = 'John' OR contactLastName = 'John';
2025-07-14 16:33:06,117 [INFO] Executing SQL Query
2025-07-14 16:33:06,462 [INFO] HTTP Request: POST https://slideoo-editor-chatbot.openai.azure.com/openai/deployments/slideoo-chat-1/chat/completions?api-version=2024-02-01 "HTTP/1.1 200 OK"
2025-07-14 16:33:06,466 [ERROR] Error executing query: Expected a Runnable, callable or dict.Instead got an unsupported type: <class 'list'>
2025-07-14 16:33:06,830 [INFO] 1 change detected
2025-07-14 16:33:08,056 [INFO] 1 change detected
2025-07-14 16:33:14,244 [INFO] 1 change detected
2025-07-14 16:34:20,789 [INFO] 1 change detected
2025-07-14 16:34:22,270 [INFO] 1 change detected
2025-07-14 16:34:34,863 [INFO] 4 changes detected
2025-07-14 16:34:35,797 [INFO] 1 change detected
2025-07-14 16:34:36,418 [INFO] 5 changes detected
2025-07-14 16:34:36,774 [INFO] 1 change detected
2025-07-14 16:34:37,496 [INFO] 1 change detected
2025-07-14 16:34:42,338 [INFO] Loading upload record from ID: 68755428ca66ce8b701dbebc
2025-07-14 16:34:42,360 [INFO] Validating record status
2025-07-14 16:34:42,361 [INFO] Initializing database connection
2025-07-14 16:34:42,495 [INFO] Database Connection established successfully
2025-07-14 16:34:42,496 [INFO] Getting Table Information
2025-07-14 16:34:42,498 [INFO] Selecting relevant tables
2025-07-14 16:34:42,498 [INFO] Selected tables: Table Name: productlines
Table Description: Stores information about the different product lines offered by the company, including a unique name, textual description, HTML description , and image. Categorizes products into different lines.

Table Name: products
Table Description: Contains details of each product sold by the company, including code, name, product line, scale, vendor, description, stock quantity, buy price, and MSRP. Linked to the productlines table

Table Name: offices
Table Description: Holds data on the company's sales offices, including office code, city, phone number, address , state, country, postal code, and territory. Each office is uniquely identified by its office code.

Table Name: employees
Table Description: Stores information about employees, including number, last name, first name, job title, contact info, and office code. Links to offices and maps organizational structure through the reportsTo attribute.

Table Name: customers
Table Description: Captures data on customers, including customer number, name,  contact details,  address,  assigned sales rep and credit limit. Central to managing customer relationships and sales processes.

Table Name: payments
Table Description: Records payments made by customers, tracking the customer number, check number , payment date, and amount. Linked to the customers tables for financial tracking and account management.

Table Name: orders
Table Description: Details each sales order placed by customers, including order number, dates, status, comments, and customer number. Linked to the customers table, tracking sales transactions

Table Name: orderdetails
Table Description: Describes individual line items for each sales order, including order number, product code, quantity, price, and order line number. Links orders to products, detailing the items sold


2025-07-14 16:34:42,501 [INFO] Generating SQL Query
2025-07-14 16:34:42,574 [INFO] Extracted 6 example(s) from python_file
2025-07-14 16:34:43,115 [INFO] Anonymized telemetry enabled. See                     https://docs.trychroma.com/telemetry for more information.
2025-07-14 16:34:43,928 [INFO] HTTP Request: POST https://slideoo-editor-chatbot.openai.azure.com/openai/deployments/Text-Analytics/embeddings?api-version=2024-02-01 "HTTP/1.1 200 OK"
2025-07-14 16:34:44,213 [INFO] HTTP Request: POST https://slideoo-editor-chatbot.openai.azure.com/openai/deployments/Text-Analytics/embeddings?api-version=2024-02-01 "HTTP/1.1 200 OK"
2025-07-14 16:34:44,898 [INFO] HTTP Request: POST https://slideoo-editor-chatbot.openai.azure.com/openai/deployments/slideoo-chat-1/chat/completions?api-version=2024-02-01 "HTTP/1.1 200 OK"
2025-07-14 16:34:44,908 [INFO] Generated query: SELECT * FROM customers WHERE contactFirstName = 'John';
2025-07-14 16:34:44,909 [INFO] Executing SQL Query
2025-07-14 16:34:44,975 [ERROR] Error executing query: Expected a Runnable, callable or dict.Instead got an unsupported type: <class 'str'>
2025-07-14 16:34:45,862 [INFO] 1 change detected
2025-07-14 16:34:47,084 [INFO] 1 change detected
2025-07-14 16:35:00,309 [INFO] 1 change detected
2025-07-14 16:35:06,583 [INFO] 1 change detected
2025-07-14 16:35:06,938 [INFO] 1 change detected
2025-07-14 16:36:05,638 [INFO] 1 change detected
2025-07-14 16:37:02,621 [INFO] 4 changes detected
2025-07-14 16:37:03,584 [INFO] 1 change detected
2025-07-14 16:37:04,710 [INFO] 1 change detected
2025-07-14 16:37:05,432 [INFO] 1 change detected
2025-07-14 16:37:15,301 [INFO] 1 change detected
2025-07-14 16:37:21,470 [INFO] 1 change detected
2025-07-14 16:37:48,861 [INFO] 1 change detected
2025-07-14 16:37:49,622 [INFO] 1 change detected
2025-07-14 16:38:05,445 [INFO] 4 changes detected
2025-07-14 16:38:06,684 [INFO] 6 changes detected
2025-07-14 16:38:08,117 [INFO] 1 change detected
2025-07-14 16:38:09,085 [INFO] 1 change detected
2025-07-14 16:38:11,942 [INFO] 1 change detected
2025-07-14 16:38:15,065 [INFO] Loading upload record from ID: 68755428ca66ce8b701dbebc
2025-07-14 16:38:15,071 [INFO] Validating record status
2025-07-14 16:38:15,073 [INFO] Initializing database connection
2025-07-14 16:38:15,270 [INFO] Database Connection established successfully
2025-07-14 16:38:15,272 [INFO] Getting Table Information
2025-07-14 16:38:15,273 [INFO] Selecting relevant tables
2025-07-14 16:38:15,274 [INFO] Selected tables: Table Name: productlines
Table Description: Stores information about the different product lines offered by the company, including a unique name, textual description, HTML description , and image. Categorizes products into different lines.

Table Name: products
Table Description: Contains details of each product sold by the company, including code, name, product line, scale, vendor, description, stock quantity, buy price, and MSRP. Linked to the productlines table

Table Name: offices
Table Description: Holds data on the company's sales offices, including office code, city, phone number, address , state, country, postal code, and territory. Each office is uniquely identified by its office code.

Table Name: employees
Table Description: Stores information about employees, including number, last name, first name, job title, contact info, and office code. Links to offices and maps organizational structure through the reportsTo attribute.

Table Name: customers
Table Description: Captures data on customers, including customer number, name,  contact details,  address,  assigned sales rep and credit limit. Central to managing customer relationships and sales processes.

Table Name: payments
Table Description: Records payments made by customers, tracking the customer number, check number , payment date, and amount. Linked to the customers tables for financial tracking and account management.

Table Name: orders
Table Description: Details each sales order placed by customers, including order number, dates, status, comments, and customer number. Linked to the customers table, tracking sales transactions

Table Name: orderdetails
Table Description: Describes individual line items for each sales order, including order number, product code, quantity, price, and order line number. Links orders to products, detailing the items sold


2025-07-14 16:38:15,277 [INFO] Generating SQL Query
2025-07-14 16:38:15,361 [INFO] Extracted 6 example(s) from python_file
2025-07-14 16:38:16,123 [INFO] Anonymized telemetry enabled. See                     https://docs.trychroma.com/telemetry for more information.
2025-07-14 16:38:17,042 [INFO] HTTP Request: POST https://slideoo-editor-chatbot.openai.azure.com/openai/deployments/Text-Analytics/embeddings?api-version=2024-02-01 "HTTP/1.1 200 OK"
2025-07-14 16:38:17,354 [INFO] HTTP Request: POST https://slideoo-editor-chatbot.openai.azure.com/openai/deployments/Text-Analytics/embeddings?api-version=2024-02-01 "HTTP/1.1 200 OK"
2025-07-14 16:38:18,058 [INFO] HTTP Request: POST https://slideoo-editor-chatbot.openai.azure.com/openai/deployments/slideoo-chat-1/chat/completions?api-version=2024-02-01 "HTTP/1.1 200 OK"
2025-07-14 16:38:18,069 [INFO] Generated query: SELECT * FROM customers WHERE customerName LIKE '%John%';
2025-07-14 16:38:18,070 [INFO] Executing SQL Query
2025-07-14 16:38:18,144 [ERROR] Error executing query: Expected a Runnable, callable or dict.Instead got an unsupported type: <class 'str'>
2025-07-14 16:38:18,986 [INFO] 1 change detected
2025-07-14 16:38:20,207 [INFO] 1 change detected
2025-07-14 16:38:25,245 [INFO] 1 change detected
2025-07-14 16:38:40,663 [INFO] 1 change detected
2025-07-14 16:38:42,188 [INFO] 1 change detected
2025-07-14 16:38:49,450 [INFO] 4 changes detected
2025-07-14 16:38:50,651 [INFO] 6 changes detected
2025-07-14 16:38:52,037 [INFO] 1 change detected
2025-07-14 16:38:53,005 [INFO] 1 change detected
2025-07-14 16:38:54,840 [INFO] 1 change detected
2025-07-14 16:38:56,872 [INFO] Loading upload record from ID: 68755428ca66ce8b701dbebc
2025-07-14 16:38:56,895 [INFO] Validating record status
2025-07-14 16:38:56,897 [INFO] Initializing database connection
2025-07-14 16:38:57,034 [INFO] Database Connection established successfully
2025-07-14 16:38:57,035 [INFO] Getting Table Information
2025-07-14 16:38:57,036 [INFO] Selecting relevant tables
2025-07-14 16:38:57,036 [INFO] Selected tables: Table Name: productlines
Table Description: Stores information about the different product lines offered by the company, including a unique name, textual description, HTML description , and image. Categorizes products into different lines.

Table Name: products
Table Description: Contains details of each product sold by the company, including code, name, product line, scale, vendor, description, stock quantity, buy price, and MSRP. Linked to the productlines table

Table Name: offices
Table Description: Holds data on the company's sales offices, including office code, city, phone number, address , state, country, postal code, and territory. Each office is uniquely identified by its office code.

Table Name: employees
Table Description: Stores information about employees, including number, last name, first name, job title, contact info, and office code. Links to offices and maps organizational structure through the reportsTo attribute.

Table Name: customers
Table Description: Captures data on customers, including customer number, name,  contact details,  address,  assigned sales rep and credit limit. Central to managing customer relationships and sales processes.

Table Name: payments
Table Description: Records payments made by customers, tracking the customer number, check number , payment date, and amount. Linked to the customers tables for financial tracking and account management.

Table Name: orders
Table Description: Details each sales order placed by customers, including order number, dates, status, comments, and customer number. Linked to the customers table, tracking sales transactions

Table Name: orderdetails
Table Description: Describes individual line items for each sales order, including order number, product code, quantity, price, and order line number. Links orders to products, detailing the items sold


2025-07-14 16:38:57,039 [INFO] Generating SQL Query
2025-07-14 16:38:57,123 [INFO] Extracted 6 example(s) from python_file
2025-07-14 16:38:57,610 [INFO] Anonymized telemetry enabled. See                     https://docs.trychroma.com/telemetry for more information.
2025-07-14 16:38:58,488 [INFO] HTTP Request: POST https://slideoo-editor-chatbot.openai.azure.com/openai/deployments/Text-Analytics/embeddings?api-version=2024-02-01 "HTTP/1.1 200 OK"
2025-07-14 16:38:58,774 [INFO] HTTP Request: POST https://slideoo-editor-chatbot.openai.azure.com/openai/deployments/Text-Analytics/embeddings?api-version=2024-02-01 "HTTP/1.1 200 OK"
2025-07-14 16:38:59,456 [INFO] HTTP Request: POST https://slideoo-editor-chatbot.openai.azure.com/openai/deployments/slideoo-chat-1/chat/completions?api-version=2024-02-01 "HTTP/1.1 200 OK"
2025-07-14 16:38:59,465 [INFO] Generated query: SELECT * FROM customers WHERE customerName LIKE '%John%';
2025-07-14 16:38:59,468 [INFO] Executing SQL Query
2025-07-14 16:38:59,824 [INFO] HTTP Request: POST https://slideoo-editor-chatbot.openai.azure.com/openai/deployments/slideoo-chat-1/chat/completions?api-version=2024-02-01 "HTTP/1.1 200 OK"
2025-07-14 16:39:00,292 [INFO] HTTP Request: POST https://slideoo-editor-chatbot.openai.azure.com/openai/deployments/slideoo-chat-1/chat/completions?api-version=2024-02-01 "HTTP/1.1 200 OK"
2025-07-14 16:39:00,293 [INFO] Query executed Successfully
2025-07-14 16:39:00,294 [INFO] Generating Final Answer
2025-07-14 16:39:00,295 [INFO] Final answer generated successfully
2025-07-14 16:39:00,295 [INFO] Updating memory
2025-07-14 16:39:00,296 [ERROR] Error updating Chat History: 'Do we have any customer named John' is not a valid ObjectId, it must be a 12-byte input or a 24-character hex string
2025-07-14 16:39:00,297 [INFO] Memory updated successfully
2025-07-14 16:39:00,919 [INFO] 1 change detected
2025-07-14 16:39:02,101 [INFO] 1 change detected
2025-07-14 16:39:22,918 [INFO] 1 change detected
2025-07-14 16:39:36,685 [INFO] 4 changes detected
2025-07-14 16:39:37,690 [INFO] 6 changes detected
2025-07-14 16:39:38,818 [INFO] 1 change detected
2025-07-14 16:39:39,584 [INFO] 1 change detected
2025-07-14 16:39:41,420 [INFO] 1 change detected
2025-07-14 16:39:43,410 [INFO] Loading upload record from ID: 68755428ca66ce8b701dbebc
2025-07-14 16:39:43,414 [INFO] Validating record status
2025-07-14 16:39:43,416 [INFO] Initializing database connection
2025-07-14 16:39:43,553 [INFO] Database Connection established successfully
2025-07-14 16:39:43,554 [INFO] Getting Table Information
2025-07-14 16:39:43,555 [INFO] Selecting relevant tables
2025-07-14 16:39:43,555 [INFO] Selected tables: Table Name: productlines
Table Description: Stores information about the different product lines offered by the company, including a unique name, textual description, HTML description , and image. Categorizes products into different lines.

Table Name: products
Table Description: Contains details of each product sold by the company, including code, name, product line, scale, vendor, description, stock quantity, buy price, and MSRP. Linked to the productlines table

Table Name: offices
Table Description: Holds data on the company's sales offices, including office code, city, phone number, address , state, country, postal code, and territory. Each office is uniquely identified by its office code.

Table Name: employees
Table Description: Stores information about employees, including number, last name, first name, job title, contact info, and office code. Links to offices and maps organizational structure through the reportsTo attribute.

Table Name: customers
Table Description: Captures data on customers, including customer number, name,  contact details,  address,  assigned sales rep and credit limit. Central to managing customer relationships and sales processes.

Table Name: payments
Table Description: Records payments made by customers, tracking the customer number, check number , payment date, and amount. Linked to the customers tables for financial tracking and account management.

Table Name: orders
Table Description: Details each sales order placed by customers, including order number, dates, status, comments, and customer number. Linked to the customers table, tracking sales transactions

Table Name: orderdetails
Table Description: Describes individual line items for each sales order, including order number, product code, quantity, price, and order line number. Links orders to products, detailing the items sold


2025-07-14 16:39:43,557 [INFO] Generating SQL Query
2025-07-14 16:39:43,617 [INFO] Extracted 6 example(s) from python_file
2025-07-14 16:39:44,162 [INFO] Anonymized telemetry enabled. See                     https://docs.trychroma.com/telemetry for more information.
2025-07-14 16:39:45,205 [INFO] HTTP Request: POST https://slideoo-editor-chatbot.openai.azure.com/openai/deployments/Text-Analytics/embeddings?api-version=2024-02-01 "HTTP/1.1 200 OK"
2025-07-14 16:39:45,505 [INFO] HTTP Request: POST https://slideoo-editor-chatbot.openai.azure.com/openai/deployments/Text-Analytics/embeddings?api-version=2024-02-01 "HTTP/1.1 200 OK"
2025-07-14 16:39:46,222 [INFO] HTTP Request: POST https://slideoo-editor-chatbot.openai.azure.com/openai/deployments/slideoo-chat-1/chat/completions?api-version=2024-02-01 "HTTP/1.1 200 OK"
2025-07-14 16:39:46,230 [INFO] Generated query: SELECT email 
FROM customers 
WHERE contactFirstName = 'John';
2025-07-14 16:39:46,231 [INFO] Executing SQL Query
2025-07-14 16:39:46,804 [INFO] HTTP Request: POST https://slideoo-editor-chatbot.openai.azure.com/openai/deployments/slideoo-chat-1/chat/completions?api-version=2024-02-01 "HTTP/1.1 200 OK"
2025-07-14 16:39:47,427 [INFO] HTTP Request: POST https://slideoo-editor-chatbot.openai.azure.com/openai/deployments/slideoo-chat-1/chat/completions?api-version=2024-02-01 "HTTP/1.1 200 OK"
2025-07-14 16:39:47,430 [INFO] Query executed Successfully
2025-07-14 16:39:47,432 [INFO] Generating Final Answer
2025-07-14 16:39:47,433 [INFO] Final answer generated successfully
2025-07-14 16:39:47,434 [INFO] Updating memory
2025-07-14 16:39:47,435 [ERROR] Error updating Chat History: 'Do we have any customer named John. If yes provides email' is not a valid ObjectId, it must be a 12-byte input or a 24-character hex string
2025-07-14 16:39:47,435 [INFO] Memory updated successfully
2025-07-14 16:39:48,052 [INFO] 1 change detected
2025-07-14 16:39:49,178 [INFO] 1 change detected
2025-07-14 16:40:09,435 [INFO] 1 change detected
2025-07-14 16:40:41,247 [INFO] 1 change detected
2025-07-14 16:40:42,896 [INFO] 1 change detected
2025-07-14 16:40:56,230 [INFO] 4 changes detected
2025-07-14 16:40:57,545 [INFO] 6 changes detected
2025-07-14 16:40:58,522 [INFO] 1 change detected
2025-07-14 16:40:59,186 [INFO] 1 change detected
2025-07-14 16:41:01,082 [INFO] 1 change detected
2025-07-14 16:41:03,411 [INFO] Loading upload record from ID: 68755428ca66ce8b701dbebc
2025-07-14 16:41:03,439 [INFO] Validating record status
2025-07-14 16:41:03,441 [INFO] Initializing database connection
2025-07-14 16:41:03,604 [INFO] Database Connection established successfully
2025-07-14 16:41:03,605 [INFO] Getting Table Information
2025-07-14 16:41:03,606 [INFO] Selecting relevant tables
2025-07-14 16:41:03,606 [INFO] Selected tables: Table Name: productlines
Table Description: Stores information about the different product lines offered by the company, including a unique name, textual description, HTML description , and image. Categorizes products into different lines.

Table Name: products
Table Description: Contains details of each product sold by the company, including code, name, product line, scale, vendor, description, stock quantity, buy price, and MSRP. Linked to the productlines table

Table Name: offices
Table Description: Holds data on the company's sales offices, including office code, city, phone number, address , state, country, postal code, and territory. Each office is uniquely identified by its office code.

Table Name: employees
Table Description: Stores information about employees, including number, last name, first name, job title, contact info, and office code. Links to offices and maps organizational structure through the reportsTo attribute.

Table Name: customers
Table Description: Captures data on customers, including customer number, name,  contact details,  address,  assigned sales rep and credit limit. Central to managing customer relationships and sales processes.

Table Name: payments
Table Description: Records payments made by customers, tracking the customer number, check number , payment date, and amount. Linked to the customers tables for financial tracking and account management.

Table Name: orders
Table Description: Details each sales order placed by customers, including order number, dates, status, comments, and customer number. Linked to the customers table, tracking sales transactions

Table Name: orderdetails
Table Description: Describes individual line items for each sales order, including order number, product code, quantity, price, and order line number. Links orders to products, detailing the items sold


2025-07-14 16:41:03,610 [INFO] Generating SQL Query
2025-07-14 16:41:03,678 [INFO] Extracted 6 example(s) from python_file
2025-07-14 16:41:04,222 [INFO] Anonymized telemetry enabled. See                     https://docs.trychroma.com/telemetry for more information.
2025-07-14 16:41:05,071 [INFO] HTTP Request: POST https://slideoo-editor-chatbot.openai.azure.com/openai/deployments/Text-Analytics/embeddings?api-version=2024-02-01 "HTTP/1.1 200 OK"
2025-07-14 16:41:05,431 [INFO] HTTP Request: POST https://slideoo-editor-chatbot.openai.azure.com/openai/deployments/Text-Analytics/embeddings?api-version=2024-02-01 "HTTP/1.1 200 OK"
2025-07-14 16:41:06,357 [INFO] HTTP Request: POST https://slideoo-editor-chatbot.openai.azure.com/openai/deployments/slideoo-chat-1/chat/completions?api-version=2024-02-01 "HTTP/1.1 200 OK"
2025-07-14 16:41:06,369 [INFO] Generated query: SELECT contactLastName, contactFirstName, phone, addressLine1, addressLine2, city, state, postalCode, country 
FROM customers 
WHERE customerName = 'Atelier graphique';
2025-07-14 16:41:06,371 [INFO] Executing SQL Query
2025-07-14 16:41:06,728 [INFO] HTTP Request: POST https://slideoo-editor-chatbot.openai.azure.com/openai/deployments/slideoo-chat-1/chat/completions?api-version=2024-02-01 "HTTP/1.1 200 OK"
2025-07-14 16:41:07,355 [INFO] HTTP Request: POST https://slideoo-editor-chatbot.openai.azure.com/openai/deployments/slideoo-chat-1/chat/completions?api-version=2024-02-01 "HTTP/1.1 200 OK"
2025-07-14 16:41:07,357 [INFO] Query executed Successfully
2025-07-14 16:41:07,358 [INFO] Generating Final Answer
2025-07-14 16:41:07,359 [INFO] Final answer generated successfully
2025-07-14 16:41:07,360 [INFO] Updating memory
2025-07-14 16:41:07,360 [ERROR] Error updating Chat History: 'provide contact details of Atelier graphique' is not a valid ObjectId, it must be a 12-byte input or a 24-character hex string
2025-07-14 16:41:07,361 [INFO] Memory updated successfully
2025-07-14 16:41:08,213 [INFO] 1 change detected
2025-07-14 16:41:09,388 [INFO] 1 change detected
2025-07-14 16:41:15,025 [INFO] 1 change detected
2025-07-14 16:41:51,374 [INFO] 1 change detected
2025-07-14 16:41:58,440 [INFO] 1 change detected
2025-07-14 16:43:01,086 [INFO] 1 change detected
2025-07-14 16:43:03,188 [INFO] 1 change detected
2025-07-14 16:43:23,259 [INFO] 4 changes detected
2025-07-14 16:43:24,315 [INFO] 6 changes detected
2025-07-14 16:43:25,341 [INFO] 1 change detected
2025-07-14 16:43:26,113 [INFO] 1 change detected
2025-07-14 16:43:27,945 [INFO] 1 change detected
2025-07-14 16:43:30,092 [INFO] Loading upload record from ID: 68755428ca66ce8b701dbebc
2025-07-14 16:43:30,112 [INFO] Validating record status
2025-07-14 16:43:30,114 [INFO] Initializing database connection
2025-07-14 16:43:30,266 [INFO] Database Connection established successfully
2025-07-14 16:43:30,268 [INFO] Getting Table Information
2025-07-14 16:43:30,269 [INFO] Selecting relevant tables
2025-07-14 16:43:30,269 [INFO] Selected tables: Table Name: productlines
Table Description: Stores information about the different product lines offered by the company, including a unique name, textual description, HTML description , and image. Categorizes products into different lines.

Table Name: products
Table Description: Contains details of each product sold by the company, including code, name, product line, scale, vendor, description, stock quantity, buy price, and MSRP. Linked to the productlines table

Table Name: offices
Table Description: Holds data on the company's sales offices, including office code, city, phone number, address , state, country, postal code, and territory. Each office is uniquely identified by its office code.

Table Name: employees
Table Description: Stores information about employees, including number, last name, first name, job title, contact info, and office code. Links to offices and maps organizational structure through the reportsTo attribute.

Table Name: customers
Table Description: Captures data on customers, including customer number, name,  contact details,  address,  assigned sales rep and credit limit. Central to managing customer relationships and sales processes.

Table Name: payments
Table Description: Records payments made by customers, tracking the customer number, check number , payment date, and amount. Linked to the customers tables for financial tracking and account management.

Table Name: orders
Table Description: Details each sales order placed by customers, including order number, dates, status, comments, and customer number. Linked to the customers table, tracking sales transactions

Table Name: orderdetails
Table Description: Describes individual line items for each sales order, including order number, product code, quantity, price, and order line number. Links orders to products, detailing the items sold


2025-07-14 16:43:30,271 [INFO] Generating SQL Query
2025-07-14 16:43:30,352 [INFO] Extracted 6 example(s) from python_file
2025-07-14 16:43:30,873 [INFO] Anonymized telemetry enabled. See                     https://docs.trychroma.com/telemetry for more information.
2025-07-14 16:43:31,717 [INFO] HTTP Request: POST https://slideoo-editor-chatbot.openai.azure.com/openai/deployments/Text-Analytics/embeddings?api-version=2024-02-01 "HTTP/1.1 200 OK"
2025-07-14 16:43:32,007 [INFO] HTTP Request: POST https://slideoo-editor-chatbot.openai.azure.com/openai/deployments/Text-Analytics/embeddings?api-version=2024-02-01 "HTTP/1.1 200 OK"
2025-07-14 16:43:32,909 [INFO] HTTP Request: POST https://slideoo-editor-chatbot.openai.azure.com/openai/deployments/slideoo-chat-1/chat/completions?api-version=2024-02-01 "HTTP/1.1 200 OK"
2025-07-14 16:43:32,919 [INFO] Generated query: SELECT employees.firstName, offices.city
FROM employees
JOIN offices ON employees.officeCode = offices.officeCode
WHERE employees.lastName = 'Patterson';
2025-07-14 16:43:32,921 [INFO] Executing SQL Query
2025-07-14 16:43:33,444 [INFO] HTTP Request: POST https://slideoo-editor-chatbot.openai.azure.com/openai/deployments/slideoo-chat-1/chat/completions?api-version=2024-02-01 "HTTP/1.1 200 OK"
2025-07-14 16:43:33,788 [INFO] HTTP Request: POST https://slideoo-editor-chatbot.openai.azure.com/openai/deployments/slideoo-chat-1/chat/completions?api-version=2024-02-01 "HTTP/1.1 200 OK"
2025-07-14 16:43:33,790 [INFO] Query executed Successfully
2025-07-14 16:43:33,792 [INFO] Generating Final Answer
2025-07-14 16:43:33,792 [INFO] Final answer generated successfully
2025-07-14 16:43:33,793 [INFO] Updating memory
2025-07-14 16:43:33,796 [ERROR] Error updating Chat History: ' waht is the first name of Patterson and office location' is not a valid ObjectId, it must be a 12-byte input or a 24-character hex string
2025-07-14 16:43:33,796 [INFO] Memory updated successfully
2025-07-14 16:43:34,525 [INFO] 1 change detected
2025-07-14 16:43:35,708 [INFO] 1 change detected
2025-07-14 16:43:40,956 [INFO] 1 change detected
2025-07-14 16:43:56,192 [INFO] 1 change detected
2025-07-14 16:44:00,147 [INFO] 1 change detected
2025-07-14 16:44:16,441 [INFO] 4 changes detected
2025-07-14 16:44:17,587 [INFO] 6 changes detected
2025-07-14 16:44:19,022 [INFO] 1 change detected
2025-07-14 16:44:20,039 [INFO] 1 change detected
2025-07-14 16:44:22,285 [INFO] 1 change detected
2025-07-14 16:44:24,888 [INFO] Loading upload record from ID: 68755428ca66ce8b701dbebc
2025-07-14 16:44:24,903 [INFO] Validating record status
2025-07-14 16:44:24,905 [INFO] Initializing database connection
2025-07-14 16:44:25,060 [INFO] Database Connection established successfully
2025-07-14 16:44:25,061 [INFO] Getting Table Information
2025-07-14 16:44:25,062 [INFO] Selecting relevant tables
2025-07-14 16:44:25,063 [INFO] Selected tables: Table Name: productlines
Table Description: Stores information about the different product lines offered by the company, including a unique name, textual description, HTML description , and image. Categorizes products into different lines.

Table Name: products
Table Description: Contains details of each product sold by the company, including code, name, product line, scale, vendor, description, stock quantity, buy price, and MSRP. Linked to the productlines table

Table Name: offices
Table Description: Holds data on the company's sales offices, including office code, city, phone number, address , state, country, postal code, and territory. Each office is uniquely identified by its office code.

Table Name: employees
Table Description: Stores information about employees, including number, last name, first name, job title, contact info, and office code. Links to offices and maps organizational structure through the reportsTo attribute.

Table Name: customers
Table Description: Captures data on customers, including customer number, name,  contact details,  address,  assigned sales rep and credit limit. Central to managing customer relationships and sales processes.

Table Name: payments
Table Description: Records payments made by customers, tracking the customer number, check number , payment date, and amount. Linked to the customers tables for financial tracking and account management.

Table Name: orders
Table Description: Details each sales order placed by customers, including order number, dates, status, comments, and customer number. Linked to the customers table, tracking sales transactions

Table Name: orderdetails
Table Description: Describes individual line items for each sales order, including order number, product code, quantity, price, and order line number. Links orders to products, detailing the items sold


2025-07-14 16:44:25,065 [INFO] Generating SQL Query
2025-07-14 16:44:25,132 [INFO] Extracted 6 example(s) from python_file
2025-07-14 16:44:25,788 [INFO] Anonymized telemetry enabled. See                     https://docs.trychroma.com/telemetry for more information.
2025-07-14 16:44:26,737 [INFO] HTTP Request: POST https://slideoo-editor-chatbot.openai.azure.com/openai/deployments/Text-Analytics/embeddings?api-version=2024-02-01 "HTTP/1.1 200 OK"
2025-07-14 16:44:27,045 [INFO] HTTP Request: POST https://slideoo-editor-chatbot.openai.azure.com/openai/deployments/Text-Analytics/embeddings?api-version=2024-02-01 "HTTP/1.1 200 OK"
2025-07-14 16:44:27,907 [INFO] HTTP Request: POST https://slideoo-editor-chatbot.openai.azure.com/openai/deployments/slideoo-chat-1/chat/completions?api-version=2024-02-01 "HTTP/1.1 200 OK"
2025-07-14 16:44:27,922 [INFO] Generated query: SELECT e.firstName, o.city 
FROM employees e 
JOIN offices o ON e.officeCode = o.officeCode
WHERE e.lastName = 'Patterson';
2025-07-14 16:44:27,923 [INFO] Executing SQL Query
2025-07-14 16:44:28,452 [INFO] HTTP Request: POST https://slideoo-editor-chatbot.openai.azure.com/openai/deployments/slideoo-chat-1/chat/completions?api-version=2024-02-01 "HTTP/1.1 200 OK"
2025-07-14 16:44:28,848 [INFO] HTTP Request: POST https://slideoo-editor-chatbot.openai.azure.com/openai/deployments/slideoo-chat-1/chat/completions?api-version=2024-02-01 "HTTP/1.1 200 OK"
2025-07-14 16:44:28,852 [INFO] Query executed Successfully
2025-07-14 16:44:28,854 [INFO] Generating Final Answer
2025-07-14 16:44:28,854 [INFO] Final answer generated successfully
2025-07-14 16:44:28,855 [INFO] Updating memory
2025-07-14 16:44:28,856 [ERROR] Error updating Chat History: ' waht is the first name of Patterson and office location. if there are multiple provide all patterson' is not a valid ObjectId, it must be a 12-byte input or a 24-character hex string
2025-07-14 16:44:28,856 [INFO] Memory updated successfully
2025-07-14 16:44:29,377 [INFO] 1 change detected
2025-07-14 16:44:30,912 [INFO] 1 change detected
2025-07-14 17:14:18,274 [INFO] 1 change detected
2025-07-14 17:20:51,944 [INFO] 1 change detected
2025-07-14 17:20:56,052 [INFO] 7 changes detected
2025-07-16 07:03:07,181 [INFO] 5 changes detected
2025-07-16 07:04:57,443 [INFO] 4 changes detected
2025-07-16 07:04:58,843 [INFO] 1 change detected
2025-07-16 07:04:59,558 [INFO] 5 changes detected
2025-07-16 07:05:00,276 [INFO] 1 change detected
2025-07-16 07:05:01,311 [INFO] 1 change detected
2025-07-16 07:05:06,323 [INFO] 1 change detected
2025-07-16 07:05:06,682 [INFO] 1 change detected
2025-07-16 07:05:22,951 [INFO] 4 changes detected
2025-07-16 07:05:24,150 [INFO] 1 change detected
2025-07-16 07:05:25,023 [INFO] 5 changes detected
2025-07-16 07:05:25,840 [INFO] 1 change detected
2025-07-16 07:05:31,511 [INFO] 1 change detected
2025-07-16 07:05:36,399 [INFO] 1 change detected
2025-07-16 07:05:41,576 [INFO] 1 change detected
2025-07-16 07:06:10,285 [INFO] 1 change detected
2025-07-16 07:06:23,281 [INFO] 1 change detected
2025-07-16 07:06:46,213 [INFO] 1 change detected
2025-07-16 07:07:04,265 [INFO] 4 changes detected
2025-07-16 07:07:05,649 [INFO] 1 change detected
2025-07-16 07:07:06,414 [INFO] 5 changes detected
2025-07-16 07:07:07,129 [INFO] 1 change detected
2025-07-16 07:07:11,929 [INFO] 1 change detected
2025-07-16 07:07:19,751 [INFO] 1 change detected
2025-07-16 07:07:52,075 [INFO] 1 change detected
2025-07-16 07:07:55,547 [INFO] 1 change detected
2025-07-16 07:08:09,653 [INFO] 4 changes detected
2025-07-16 07:08:11,499 [INFO] 1 change detected
2025-07-16 07:08:12,003 [INFO] 1 change detected
2025-07-16 07:08:13,614 [INFO] 1 change detected
2025-07-16 07:08:13,999 [INFO] 1 change detected
2025-07-16 07:08:15,545 [INFO] 1 change detected
2025-07-16 07:08:16,586 [INFO] 5 changes detected
2025-07-16 07:08:20,003 [INFO] 1 change detected
2025-07-16 07:08:35,132 [INFO] Loading upload record from ID: 68755428ca66ce8b701dbebc
2025-07-16 07:08:35,161 [INFO] Validating record status
2025-07-16 07:08:35,163 [INFO] Initializing database connection
2025-07-16 07:08:35,470 [INFO] Database Connection established successfully
2025-07-16 07:08:35,471 [INFO] Getting Table Information
2025-07-16 07:08:35,472 [INFO] Selecting relevant tables
2025-07-16 07:08:35,473 [INFO] Selected tables: Table Name: productlines
Table Description: Stores information about the different product lines offered by the company, including a unique name, textual description, HTML description , and image. Categorizes products into different lines.

Table Name: products
Table Description: Contains details of each product sold by the company, including code, name, product line, scale, vendor, description, stock quantity, buy price, and MSRP. Linked to the productlines table

Table Name: offices
Table Description: Holds data on the company's sales offices, including office code, city, phone number, address , state, country, postal code, and territory. Each office is uniquely identified by its office code.

Table Name: employees
Table Description: Stores information about employees, including number, last name, first name, job title, contact info, and office code. Links to offices and maps organizational structure through the reportsTo attribute.

Table Name: customers
Table Description: Captures data on customers, including customer number, name,  contact details,  address,  assigned sales rep and credit limit. Central to managing customer relationships and sales processes.

Table Name: payments
Table Description: Records payments made by customers, tracking the customer number, check number , payment date, and amount. Linked to the customers tables for financial tracking and account management.

Table Name: orders
Table Description: Details each sales order placed by customers, including order number, dates, status, comments, and customer number. Linked to the customers table, tracking sales transactions

Table Name: orderdetails
Table Description: Describes individual line items for each sales order, including order number, product code, quantity, price, and order line number. Links orders to products, detailing the items sold


2025-07-16 07:08:35,475 [INFO] Generating SQL Query
2025-07-16 07:08:35,568 [INFO] Extracted 6 example(s) from python_file
2025-07-16 07:08:37,179 [INFO] Anonymized telemetry enabled. See                     https://docs.trychroma.com/telemetry for more information.
2025-07-16 07:08:38,026 [INFO] 1 change detected
2025-07-16 07:08:39,121 [INFO] HTTP Request: POST https://slideoo-editor-chatbot.openai.azure.com/openai/deployments/Text-Analytics/embeddings?api-version=2024-02-01 "HTTP/1.1 200 OK"
2025-07-16 07:08:39,560 [INFO] HTTP Request: POST https://slideoo-editor-chatbot.openai.azure.com/openai/deployments/Text-Analytics/embeddings?api-version=2024-02-01 "HTTP/1.1 200 OK"
2025-07-16 07:08:40,591 [INFO] HTTP Request: POST https://slideoo-editor-chatbot.openai.azure.com/openai/deployments/slideoo-chat-1/chat/completions?api-version=2024-02-01 "HTTP/1.1 200 OK"
2025-07-16 07:08:40,605 [INFO] Generated query: SELECT `addressLine1`, `addressLine2`, `city`, `state`, `postalCode`, `country` 
FROM offices 
JOIN employees ON offices.officeCode = employees.officeCode 
WHERE firstName = 'Mary' AND lastName = 'Patterson';
2025-07-16 07:08:40,606 [INFO] Executing SQL Query
2025-07-16 07:08:40,966 [INFO] HTTP Request: POST https://slideoo-editor-chatbot.openai.azure.com/openai/deployments/slideoo-chat-1/chat/completions?api-version=2024-02-01 "HTTP/1.1 200 OK"
2025-07-16 07:08:41,385 [INFO] HTTP Request: POST https://slideoo-editor-chatbot.openai.azure.com/openai/deployments/slideoo-chat-1/chat/completions?api-version=2024-02-01 "HTTP/1.1 200 OK"
2025-07-16 07:08:41,389 [INFO] Query executed Successfully
2025-07-16 07:08:41,391 [INFO] Generating Final Answer
2025-07-16 07:08:41,391 [INFO] Final answer generated successfully
2025-07-16 07:08:41,392 [INFO] Updating memory
2025-07-16 07:08:41,392 [ERROR] Error updating Chat History: 'address of mary patterson' is not a valid ObjectId, it must be a 12-byte input or a 24-character hex string
2025-07-16 07:08:41,393 [INFO] Memory updated successfully
2025-07-16 07:08:48,539 [INFO] 1 change detected
2025-07-16 07:09:04,140 [INFO] 1 change detected
2025-07-16 07:09:07,296 [INFO] 1 change detected
2025-07-16 07:09:59,575 [INFO] 4 changes detected
2025-07-16 07:10:00,987 [INFO] 2 changes detected
2025-07-16 07:10:01,550 [INFO] 1 change detected
2025-07-16 07:10:02,627 [INFO] 1 change detected
2025-07-16 07:10:03,651 [INFO] 5 changes detected
2025-07-16 07:10:07,274 [INFO] 1 change detected
2025-07-16 07:12:59,106 [INFO] 1 change detected
2025-07-16 07:53:26,844 [INFO] 1 change detected
2025-07-16 08:06:47,852 [INFO] 1 change detected
2025-07-16 08:07:05,621 [INFO] 1 change detected
2025-07-16 08:07:06,017 [INFO] 1 change detected
2025-07-16 08:19:03,321 [INFO] MongoDB----------
2025-07-16 08:19:03,439 [INFO] Empty record created
2025-07-16 08:19:03,440 [INFO] Data Schema
2025-07-16 08:19:03,485 [INFO] Updating data and status of file
2025-07-16 08:19:30,555 [INFO] 1 change detected
2025-07-16 08:19:34,294 [INFO] 1 change detected
2025-07-16 08:19:55,537 [INFO] 1 change detected
2025-07-16 08:20:03,192 [INFO] 1 change detected
2025-07-16 08:20:12,196 [INFO] 1 change detected
2025-07-16 08:20:18,485 [INFO] 1 change detected
2025-07-16 08:21:13,834 [INFO] 1 change detected
2025-07-16 08:31:39,176 [INFO] MongoDB----------
2025-07-16 08:31:39,195 [INFO] Empty record created
2025-07-16 08:31:39,196 [INFO] Data Schema
2025-07-16 08:31:39,202 [INFO] Updating data and status of file
2025-07-16 08:32:01,510 [INFO] 1 change detected
2025-07-16 08:32:08,934 [INFO] 1 change detected
2025-07-16 08:32:27,173 [INFO] 1 change detected
2025-07-16 08:32:36,417 [INFO] 1 change detected
2025-07-16 08:33:32,560 [INFO] MongoDB----------
2025-07-16 08:33:32,562 [INFO] Empty record created
2025-07-16 08:33:32,565 [INFO] Data Schema
2025-07-16 08:33:32,571 [INFO] Updating data and status of file
2025-07-16 08:39:19,383 [INFO] MongoDB----------
2025-07-16 08:39:19,386 [INFO] Empty record created
2025-07-16 08:39:19,386 [INFO] Data Schema
2025-07-16 08:39:19,390 [INFO] Updating data and status of file
2025-07-16 08:39:48,114 [INFO] Loading upload record from ID: 68779d77b111b247eb3389ed
2025-07-16 08:39:48,117 [INFO] Validating record status
2025-07-16 08:39:48,121 [INFO] Initializing database connection
2025-07-16 08:39:48,504 [INFO] Database Connection established successfully
2025-07-16 08:39:48,506 [INFO] Getting Table Information
2025-07-16 08:39:48,507 [INFO] Selecting relevant tables
2025-07-16 08:39:48,507 [INFO] Selected tables: Table Name: productlines
Table Description: Stores information about the different product lines offered by the company, including a unique name, textual description, HTML description , and image. Categorizes products into different lines.

Table Name: products
Table Description: Contains details of each product sold by the company, including code, name, product line, scale, vendor, description, stock quantity, buy price, and MSRP. Linked to the productlines table

Table Name: offices
Table Description: Holds data on the company's sales offices, including office code, city, phone number, address , state, country, postal code, and territory. Each office is uniquely identified by its office code.

Table Name: employees
Table Description: Stores information about employees, including number, last name, first name, job title, contact info, and office code. Links to offices and maps organizational structure through the reportsTo attribute.

Table Name: customers
Table Description: Captures data on customers, including customer number, name,  contact details,  address,  assigned sales rep and credit limit. Central to managing customer relationships and sales processes.

Table Name: payments
Table Description: Records payments made by customers, tracking the customer number, check number , payment date, and amount. Linked to the customers tables for financial tracking and account management.

Table Name: orders
Table Description: Details each sales order placed by customers, including order number, dates, status, comments, and customer number. Linked to the customers table, tracking sales transactions

Table Name: orderdetails
Table Description: Describes individual line items for each sales order, including order number, product code, quantity, price, and order line number. Links orders to products, detailing the items sold


2025-07-16 08:39:48,510 [INFO] Generating SQL Query
2025-07-16 08:39:48,678 [INFO] Extracted 6 example(s) from python_file
2025-07-16 08:39:50,947 [INFO] Anonymized telemetry enabled. See                     https://docs.trychroma.com/telemetry for more information.
2025-07-16 08:39:53,288 [INFO] HTTP Request: POST https://slideoo-editor-chatbot.openai.azure.com/openai/deployments/Text-Analytics/embeddings?api-version=2024-02-01 "HTTP/1.1 200 OK"
2025-07-16 08:39:53,908 [INFO] HTTP Request: POST https://slideoo-editor-chatbot.openai.azure.com/openai/deployments/Text-Analytics/embeddings?api-version=2024-02-01 "HTTP/1.1 200 OK"
2025-07-16 08:39:55,072 [INFO] HTTP Request: POST https://slideoo-editor-chatbot.openai.azure.com/openai/deployments/slideoo-chat-1/chat/completions?api-version=2024-02-01 "HTTP/1.1 200 OK"
2025-07-16 08:39:55,097 [INFO] Generated query: SELECT o.addressLine1, o.addressLine2, o.city, o.state, o.postalCode, o.country
FROM employees e
JOIN offices o ON e.officeCode = o.officeCode
WHERE e.lastName = 'Patterson' AND e.firstName = 'Mary';
2025-07-16 08:39:55,103 [INFO] Executing SQL Query
2025-07-16 08:39:55,517 [INFO] HTTP Request: POST https://slideoo-editor-chatbot.openai.azure.com/openai/deployments/slideoo-chat-1/chat/completions?api-version=2024-02-01 "HTTP/1.1 200 OK"
2025-07-16 08:39:55,955 [INFO] HTTP Request: POST https://slideoo-editor-chatbot.openai.azure.com/openai/deployments/slideoo-chat-1/chat/completions?api-version=2024-02-01 "HTTP/1.1 200 OK"
2025-07-16 08:39:55,957 [INFO] Query executed Successfully
2025-07-16 08:39:55,960 [INFO] Generating Final Answer
2025-07-16 08:39:55,961 [INFO] Final answer generated successfully
2025-07-16 08:39:55,963 [INFO] Updating memory
2025-07-16 08:39:55,963 [ERROR] Error updating Chat History: 'address of mary patterson' is not a valid ObjectId, it must be a 12-byte input or a 24-character hex string
2025-07-16 08:39:55,964 [INFO] Memory updated successfully
2025-07-16 08:39:57,995 [INFO] 1 change detected
2025-07-16 08:40:00,656 [INFO] 1 change detected
2025-07-16 08:40:01,029 [INFO] 1 change detected
2025-07-16 08:40:57,852 [INFO] Loading upload record from ID: 68779d77b111b247eb3389ed
2025-07-16 08:40:57,853 [INFO] Using Cache Upload Record
2025-07-16 08:40:57,853 [INFO] Validating record status
2025-07-16 08:40:57,854 [INFO] Initializing database connection
2025-07-16 08:40:58,000 [INFO] Database Connection established successfully
2025-07-16 08:40:58,002 [INFO] Getting Table Information
2025-07-16 08:40:58,002 [INFO] Using cached table information
2025-07-16 08:40:58,004 [INFO] Selecting relevant tables
2025-07-16 08:40:58,005 [INFO] Selected tables: Table Name: productlines
Table Description: Stores information about the different product lines offered by the company, including a unique name, textual description, HTML description , and image. Categorizes products into different lines.

Table Name: products
Table Description: Contains details of each product sold by the company, including code, name, product line, scale, vendor, description, stock quantity, buy price, and MSRP. Linked to the productlines table

Table Name: offices
Table Description: Holds data on the company's sales offices, including office code, city, phone number, address , state, country, postal code, and territory. Each office is uniquely identified by its office code.

Table Name: employees
Table Description: Stores information about employees, including number, last name, first name, job title, contact info, and office code. Links to offices and maps organizational structure through the reportsTo attribute.

Table Name: customers
Table Description: Captures data on customers, including customer number, name,  contact details,  address,  assigned sales rep and credit limit. Central to managing customer relationships and sales processes.

Table Name: payments
Table Description: Records payments made by customers, tracking the customer number, check number , payment date, and amount. Linked to the customers tables for financial tracking and account management.

Table Name: orders
Table Description: Details each sales order placed by customers, including order number, dates, status, comments, and customer number. Linked to the customers table, tracking sales transactions

Table Name: orderdetails
Table Description: Describes individual line items for each sales order, including order number, product code, quantity, price, and order line number. Links orders to products, detailing the items sold


2025-07-16 08:40:58,015 [INFO] Generating SQL Query
2025-07-16 08:40:58,137 [INFO] Extracted 6 example(s) from python_file
2025-07-16 08:40:58,705 [INFO] HTTP Request: POST https://slideoo-editor-chatbot.openai.azure.com/openai/deployments/Text-Analytics/embeddings?api-version=2024-02-01 "HTTP/1.1 200 OK"
2025-07-16 08:40:59,024 [INFO] HTTP Request: POST https://slideoo-editor-chatbot.openai.azure.com/openai/deployments/Text-Analytics/embeddings?api-version=2024-02-01 "HTTP/1.1 200 OK"
2025-07-16 08:40:59,798 [INFO] HTTP Request: POST https://slideoo-editor-chatbot.openai.azure.com/openai/deployments/slideoo-chat-1/chat/completions?api-version=2024-02-01 "HTTP/1.1 200 OK"
2025-07-16 08:40:59,799 [INFO] Generated query: SELECT officeCode
FROM employees
WHERE lastName = 'Patterson' AND firstName = 'Mary';
2025-07-16 08:40:59,801 [INFO] Executing SQL Query
2025-07-16 08:41:00,186 [INFO] HTTP Request: POST https://slideoo-editor-chatbot.openai.azure.com/openai/deployments/slideoo-chat-1/chat/completions?api-version=2024-02-01 "HTTP/1.1 200 OK"
2025-07-16 08:41:00,555 [INFO] HTTP Request: POST https://slideoo-editor-chatbot.openai.azure.com/openai/deployments/slideoo-chat-1/chat/completions?api-version=2024-02-01 "HTTP/1.1 200 OK"
2025-07-16 08:41:00,556 [INFO] Query executed Successfully
2025-07-16 08:41:00,557 [INFO] Generating Final Answer
2025-07-16 08:41:00,558 [INFO] Final answer generated successfully
2025-07-16 08:41:00,561 [INFO] Updating memory
2025-07-16 08:41:00,563 [ERROR] Error updating Chat History: 'can you tell me office code of her?' is not a valid ObjectId, it must be a 12-byte input or a 24-character hex string
2025-07-16 08:41:00,564 [INFO] Memory updated successfully
2025-07-16 08:46:39,570 [INFO] 1 change detected
2025-07-17 09:34:15,342 [INFO] Initializing MongoDB connection
2025-07-17 09:34:15,816 [INFO] MongoDB connection successful - 7 documents in NL2SQL
2025-07-17 09:34:15,822 [INFO] Creating optimized query generation prompt
2025-07-17 09:34:15,825 [INFO] Query prompt template created successfully
2025-07-17 09:34:15,830 [INFO] Generating MongoDB aggregation pipeline
2025-07-17 09:34:20,678 [INFO] Anonymized telemetry enabled. See                     https://docs.trychroma.com/telemetry for more information.
2025-07-17 09:34:23,993 [INFO] Retrying request to /embeddings in 0.480516 seconds
2025-07-17 09:34:24,479 [INFO] Retrying request to /embeddings in 0.887248 seconds
2025-07-17 09:34:25,372 [WARNING] Embedding selection failed: Connection error.
2025-07-17 09:34:25,428 [INFO] Retrying request to /chat/completions in 0.420520 seconds
2025-07-17 09:34:25,855 [INFO] Retrying request to /chat/completions in 0.752049 seconds
2025-07-17 09:34:26,612 [ERROR] Error generating MongoDB query: Connection error.
2025-07-17 09:34:26,619 [ERROR] Error in NoSQL LangGraph execution: Type is not msgpack serializable: MongoClient
2025-07-17 09:34:27,639 [INFO] Initializing MongoDB connection
2025-07-17 09:34:27,685 [INFO] MongoDB connection successful - 7 documents in NL2SQL
2025-07-17 09:34:27,692 [INFO] Creating optimized query generation prompt
2025-07-17 09:34:27,697 [INFO] Query prompt template created successfully
2025-07-17 09:34:27,703 [INFO] Generating MongoDB aggregation pipeline
2025-07-17 09:34:27,817 [INFO] Retrying request to /embeddings in 0.386939 seconds
2025-07-17 09:34:28,209 [INFO] Retrying request to /embeddings in 0.835684 seconds
2025-07-17 09:34:29,048 [WARNING] Embedding selection failed: Connection error.
2025-07-17 09:34:29,058 [INFO] Retrying request to /chat/completions in 0.435410 seconds
2025-07-17 09:34:29,501 [INFO] Retrying request to /chat/completions in 0.871977 seconds
2025-07-17 09:34:30,378 [ERROR] Error generating MongoDB query: Connection error.
2025-07-17 09:34:30,385 [ERROR] Error in NoSQL LangGraph execution: Type is not msgpack serializable: MongoClient
2025-07-17 09:34:31,401 [INFO] Initializing MongoDB connection
2025-07-17 09:34:31,454 [INFO] MongoDB connection successful - 7 documents in NL2SQL
2025-07-17 09:34:31,458 [INFO] Creating optimized query generation prompt
2025-07-17 09:34:31,460 [INFO] Query prompt template created successfully
2025-07-17 09:34:31,464 [INFO] Generating MongoDB aggregation pipeline
2025-07-17 09:34:31,582 [INFO] Retrying request to /embeddings in 0.435392 seconds
2025-07-17 09:34:32,021 [INFO] Retrying request to /embeddings in 0.893903 seconds
2025-07-17 09:34:32,920 [WARNING] Embedding selection failed: Connection error.
2025-07-17 09:34:32,928 [INFO] Retrying request to /chat/completions in 0.405590 seconds
2025-07-17 09:34:33,338 [INFO] Retrying request to /chat/completions in 0.976131 seconds
2025-07-17 09:34:34,320 [ERROR] Error generating MongoDB query: Connection error.
2025-07-17 09:34:34,328 [ERROR] Error in NoSQL LangGraph execution: Type is not msgpack serializable: MongoClient
2025-07-17 09:34:35,349 [INFO] Initializing MongoDB connection
2025-07-17 09:34:35,384 [INFO] MongoDB connection successful - 7 documents in NL2SQL
2025-07-17 09:34:35,390 [INFO] Creating optimized query generation prompt
2025-07-17 09:34:35,393 [INFO] Query prompt template created successfully
2025-07-17 09:34:35,397 [INFO] Generating MongoDB aggregation pipeline
2025-07-17 09:34:35,493 [INFO] Retrying request to /embeddings in 0.449487 seconds
2025-07-17 09:34:35,946 [INFO] Retrying request to /embeddings in 0.886915 seconds
2025-07-17 09:34:36,839 [WARNING] Embedding selection failed: Connection error.
2025-07-17 09:34:36,862 [INFO] Retrying request to /chat/completions in 0.499087 seconds
2025-07-17 09:34:37,366 [INFO] Retrying request to /chat/completions in 0.936346 seconds
2025-07-17 09:34:38,308 [ERROR] Error generating MongoDB query: Connection error.
2025-07-17 09:34:38,316 [ERROR] Error in NoSQL LangGraph execution: Type is not msgpack serializable: MongoClient
2025-07-17 09:34:39,337 [INFO] Initializing MongoDB connection
2025-07-17 09:34:39,377 [INFO] MongoDB connection successful - 7 documents in NL2SQL
2025-07-17 09:34:39,382 [INFO] Creating optimized query generation prompt
2025-07-17 09:34:39,386 [INFO] Query prompt template created successfully
2025-07-17 09:34:39,390 [INFO] Generating MongoDB aggregation pipeline
2025-07-17 09:34:39,494 [INFO] Retrying request to /embeddings in 0.396088 seconds
2025-07-17 09:34:39,894 [INFO] Retrying request to /embeddings in 0.815962 seconds
2025-07-17 09:34:40,714 [WARNING] Embedding selection failed: Connection error.
2025-07-17 09:34:40,729 [INFO] Retrying request to /chat/completions in 0.405900 seconds
2025-07-17 09:34:41,140 [INFO] Retrying request to /chat/completions in 0.952069 seconds
2025-07-17 09:34:42,095 [ERROR] Error generating MongoDB query: Connection error.
2025-07-17 09:34:42,104 [ERROR] Error in NoSQL LangGraph execution: Type is not msgpack serializable: MongoClient
2025-07-17 09:34:43,125 [INFO] Initializing MongoDB connection
2025-07-17 09:34:43,175 [INFO] MongoDB connection successful - 7 documents in NL2SQL
2025-07-17 09:34:43,180 [INFO] Creating optimized query generation prompt
2025-07-17 09:34:43,185 [INFO] Query prompt template created successfully
2025-07-17 09:34:43,189 [INFO] Generating MongoDB aggregation pipeline
2025-07-17 09:34:43,316 [INFO] Retrying request to /embeddings in 0.438634 seconds
2025-07-17 09:34:43,759 [INFO] Retrying request to /embeddings in 0.777846 seconds
2025-07-17 09:34:44,542 [WARNING] Embedding selection failed: Connection error.
2025-07-17 09:34:44,550 [INFO] Retrying request to /chat/completions in 0.443451 seconds
2025-07-17 09:34:44,998 [INFO] Retrying request to /chat/completions in 0.794145 seconds
2025-07-17 09:34:45,797 [ERROR] Error generating MongoDB query: Connection error.
2025-07-17 09:34:45,804 [ERROR] Error in NoSQL LangGraph execution: Type is not msgpack serializable: MongoClient
2025-07-17 09:34:45,820 [INFO] Initializing MongoDB connection
2025-07-17 09:34:45,896 [INFO] MongoDB connection successful - 7 documents in NL2SQL
2025-07-17 09:34:45,900 [INFO] Creating optimized query generation prompt
2025-07-17 09:34:45,903 [INFO] Query prompt template created successfully
2025-07-17 09:34:45,906 [INFO] Generating MongoDB aggregation pipeline
2025-07-17 09:34:46,027 [INFO] Retrying request to /embeddings in 0.466381 seconds
2025-07-17 09:34:46,496 [INFO] Retrying request to /embeddings in 0.780573 seconds
2025-07-17 09:34:47,280 [WARNING] Embedding selection failed: Connection error.
2025-07-17 09:34:47,291 [INFO] Retrying request to /chat/completions in 0.452325 seconds
2025-07-17 09:34:47,748 [INFO] Retrying request to /chat/completions in 0.830886 seconds
2025-07-17 09:34:48,583 [ERROR] Error generating MongoDB query: Connection error.
2025-07-17 09:34:48,592 [ERROR] Error in NoSQL LangGraph execution: Type is not msgpack serializable: MongoClient
2025-07-17 09:34:48,610 [INFO] Initializing MongoDB connection
2025-07-17 09:34:48,659 [INFO] MongoDB connection successful - 7 documents in NL2SQL
2025-07-17 09:34:48,667 [INFO] Creating optimized query generation prompt
2025-07-17 09:34:48,673 [INFO] Query prompt template created successfully
2025-07-17 09:34:48,679 [INFO] Generating MongoDB aggregation pipeline
2025-07-17 09:34:48,810 [INFO] Retrying request to /embeddings in 0.498571 seconds
2025-07-17 09:34:49,313 [INFO] Retrying request to /embeddings in 0.773600 seconds
2025-07-17 09:34:50,092 [WARNING] Embedding selection failed: Connection error.
2025-07-17 09:34:50,106 [INFO] Retrying request to /chat/completions in 0.393097 seconds
2025-07-17 09:34:50,504 [INFO] Retrying request to /chat/completions in 0.879414 seconds
2025-07-17 09:34:51,389 [ERROR] Error generating MongoDB query: Connection error.
2025-07-17 09:34:51,398 [ERROR] Error in NoSQL LangGraph execution: Type is not msgpack serializable: MongoClient
2025-07-17 09:34:51,418 [INFO] Initializing MongoDB connection
2025-07-17 09:34:51,485 [INFO] MongoDB connection successful - 7 documents in NL2SQL
2025-07-17 09:34:51,492 [INFO] Creating optimized query generation prompt
2025-07-17 09:34:51,495 [INFO] Query prompt template created successfully
2025-07-17 09:34:51,499 [INFO] Generating MongoDB aggregation pipeline
2025-07-17 09:34:51,636 [INFO] Retrying request to /embeddings in 0.435453 seconds
2025-07-17 09:34:52,076 [INFO] Retrying request to /embeddings in 0.799275 seconds
2025-07-17 09:34:52,880 [WARNING] Embedding selection failed: Connection error.
2025-07-17 09:34:52,895 [INFO] Retrying request to /chat/completions in 0.462295 seconds
2025-07-17 09:34:53,362 [INFO] Retrying request to /chat/completions in 0.988803 seconds
2025-07-17 09:34:54,355 [ERROR] Error generating MongoDB query: Connection error.
2025-07-17 09:34:54,362 [ERROR] Error in NoSQL LangGraph execution: Type is not msgpack serializable: MongoClient
2025-07-17 09:34:54,377 [INFO] Initializing MongoDB connection
2025-07-17 09:34:54,411 [INFO] MongoDB connection successful - 7 documents in NL2SQL
2025-07-17 09:34:54,416 [INFO] Creating optimized query generation prompt
2025-07-17 09:34:54,421 [INFO] Query prompt template created successfully
2025-07-17 09:34:54,426 [INFO] Generating MongoDB aggregation pipeline
2025-07-17 09:34:54,540 [INFO] Retrying request to /embeddings in 0.446422 seconds
2025-07-17 09:34:54,990 [INFO] Retrying request to /embeddings in 0.773018 seconds
2025-07-17 09:34:55,770 [WARNING] Embedding selection failed: Connection error.
2025-07-17 09:34:55,785 [INFO] Retrying request to /chat/completions in 0.435000 seconds
2025-07-17 09:34:56,225 [INFO] Retrying request to /chat/completions in 0.787012 seconds
2025-07-17 09:34:57,015 [ERROR] Error generating MongoDB query: Connection error.
2025-07-17 09:34:57,022 [ERROR] Error in NoSQL LangGraph execution: Type is not msgpack serializable: MongoClient
2025-07-17 09:34:57,038 [INFO] Initializing MongoDB connection
2025-07-17 09:34:57,118 [INFO] MongoDB connection successful - 7 documents in NL2SQL
2025-07-17 09:34:57,125 [INFO] Creating optimized query generation prompt
2025-07-17 09:34:57,128 [INFO] Query prompt template created successfully
2025-07-17 09:34:57,132 [INFO] Generating MongoDB aggregation pipeline
2025-07-17 09:34:57,275 [INFO] Retrying request to /embeddings in 0.467249 seconds
2025-07-17 09:34:57,746 [INFO] Retrying request to /embeddings in 0.819421 seconds
2025-07-17 09:34:58,570 [WARNING] Embedding selection failed: Connection error.
2025-07-17 09:34:58,579 [INFO] Retrying request to /chat/completions in 0.427869 seconds
2025-07-17 09:34:59,012 [INFO] Retrying request to /chat/completions in 0.929398 seconds
2025-07-17 09:34:59,946 [ERROR] Error generating MongoDB query: Connection error.
2025-07-17 09:34:59,954 [ERROR] Error in NoSQL LangGraph execution: Type is not msgpack serializable: MongoClient
2025-07-17 09:34:59,976 [INFO] Initializing MongoDB connection
2025-07-17 09:35:00,040 [INFO] MongoDB connection successful - 7 documents in NL2SQL
2025-07-17 09:35:00,044 [INFO] Creating optimized query generation prompt
2025-07-17 09:35:00,048 [INFO] Query prompt template created successfully
2025-07-17 09:35:00,060 [INFO] Generating MongoDB aggregation pipeline
2025-07-17 09:35:00,206 [INFO] Retrying request to /embeddings in 0.404740 seconds
2025-07-17 09:35:00,617 [INFO] Retrying request to /embeddings in 0.779796 seconds
2025-07-17 09:35:01,400 [WARNING] Embedding selection failed: Connection error.
2025-07-17 09:35:01,411 [INFO] Retrying request to /chat/completions in 0.477172 seconds
2025-07-17 09:35:01,893 [INFO] Retrying request to /chat/completions in 0.915944 seconds
2025-07-17 09:35:02,813 [ERROR] Error generating MongoDB query: Connection error.
2025-07-17 09:35:02,824 [ERROR] Error in NoSQL LangGraph execution: Type is not msgpack serializable: MongoClient
2025-07-17 09:35:02,841 [INFO] Initializing MongoDB connection
2025-07-17 09:35:02,901 [INFO] MongoDB connection successful - 7 documents in NL2SQL
2025-07-17 09:35:02,906 [INFO] Creating optimized query generation prompt
2025-07-17 09:35:02,910 [INFO] Query prompt template created successfully
2025-07-17 09:35:02,914 [INFO] Generating MongoDB aggregation pipeline
2025-07-17 09:35:03,026 [INFO] Retrying request to /embeddings in 0.381397 seconds
2025-07-17 09:35:03,410 [INFO] Retrying request to /embeddings in 0.931707 seconds
2025-07-17 09:35:04,348 [WARNING] Embedding selection failed: Connection error.
2025-07-17 09:35:04,364 [INFO] Retrying request to /chat/completions in 0.396546 seconds
2025-07-17 09:35:04,768 [INFO] Retrying request to /chat/completions in 0.808825 seconds
2025-07-17 09:35:05,582 [ERROR] Error generating MongoDB query: Connection error.
2025-07-17 09:35:05,590 [ERROR] Error in NoSQL LangGraph execution: Type is not msgpack serializable: MongoClient
2025-07-17 09:35:15,821 [INFO] Initializing MongoDB connection
2025-07-17 09:35:15,896 [INFO] MongoDB connection successful - 7 documents in NL2SQL
2025-07-17 09:35:15,901 [INFO] Creating optimized query generation prompt
2025-07-17 09:35:15,905 [INFO] Query prompt template created successfully
2025-07-17 09:35:15,910 [INFO] Generating MongoDB aggregation pipeline
2025-07-17 09:35:16,043 [INFO] Retrying request to /embeddings in 0.443198 seconds
2025-07-17 09:35:16,490 [INFO] Retrying request to /embeddings in 0.962011 seconds
2025-07-17 09:35:17,456 [WARNING] Embedding selection failed: Connection error.
2025-07-17 09:35:17,471 [INFO] Retrying request to /chat/completions in 0.398853 seconds
2025-07-17 09:35:17,874 [INFO] Retrying request to /chat/completions in 0.830901 seconds
2025-07-17 09:35:18,709 [ERROR] Error generating MongoDB query: Connection error.
2025-07-17 09:35:18,719 [ERROR] Error in NoSQL LangGraph execution: Type is not msgpack serializable: MongoClient
2025-07-17 11:01:55,647 [INFO] Initializing MongoDB connection
2025-07-17 11:01:56,359 [INFO] MongoDB connection successful - 7 documents in NL2SQL
2025-07-17 11:01:56,391 [INFO] Creating optimized query generation prompt
2025-07-17 11:01:56,394 [INFO] Query prompt template created successfully
2025-07-17 11:01:56,405 [INFO] Generating MongoDB aggregation pipeline
2025-07-17 11:02:02,541 [INFO] Anonymized telemetry enabled. See                     https://docs.trychroma.com/telemetry for more information.
2025-07-17 11:02:06,252 [INFO] Retrying request to /embeddings in 0.468387 seconds
2025-07-17 11:02:07,000 [INFO] Retrying request to /embeddings in 0.871778 seconds
2025-07-17 11:02:07,976 [WARNING] Embedding selection failed: Connection error.
2025-07-17 11:02:08,094 [INFO] Retrying request to /chat/completions in 0.428681 seconds
2025-07-17 11:02:08,576 [INFO] Retrying request to /chat/completions in 0.817226 seconds
2025-07-17 11:02:09,553 [ERROR] Error generating MongoDB query: Connection error.
2025-07-17 11:02:09,628 [ERROR] Error in NoSQL LangGraph execution: Type is not msgpack serializable: MongoClient
2025-07-17 11:02:10,982 [INFO] Initializing MongoDB connection
2025-07-17 11:02:11,259 [INFO] MongoDB connection successful - 7 documents in NL2SQL
2025-07-17 11:02:11,275 [INFO] Creating optimized query generation prompt
2025-07-17 11:02:11,277 [INFO] Query prompt template created successfully
2025-07-17 11:02:11,279 [INFO] Generating MongoDB aggregation pipeline
2025-07-17 11:02:11,835 [INFO] Retrying request to /embeddings in 0.385945 seconds
2025-07-17 11:02:12,228 [INFO] Retrying request to /embeddings in 0.904805 seconds
2025-07-17 11:02:13,152 [WARNING] Embedding selection failed: Connection error.
2025-07-17 11:02:13,249 [INFO] Retrying request to /chat/completions in 0.428734 seconds
2025-07-17 11:02:13,717 [INFO] Retrying request to /chat/completions in 0.788559 seconds
2025-07-17 11:02:14,958 [ERROR] Error generating MongoDB query: Connection error.
2025-07-17 11:02:14,984 [ERROR] Error in NoSQL LangGraph execution: Type is not msgpack serializable: MongoClient
2025-07-17 11:02:16,045 [INFO] Initializing MongoDB connection
2025-07-17 11:02:16,490 [INFO] MongoDB connection successful - 7 documents in NL2SQL
2025-07-17 11:02:16,544 [INFO] Creating optimized query generation prompt
2025-07-17 11:02:16,610 [INFO] Query prompt template created successfully
2025-07-17 11:02:16,638 [INFO] Generating MongoDB aggregation pipeline
2025-07-17 11:02:16,852 [INFO] Retrying request to /embeddings in 0.447315 seconds
2025-07-17 11:02:17,303 [INFO] Retrying request to /embeddings in 0.898486 seconds
2025-07-17 11:02:18,405 [WARNING] Embedding selection failed: Connection error.
2025-07-17 11:02:18,424 [INFO] Retrying request to /chat/completions in 0.489666 seconds
2025-07-17 11:02:18,956 [INFO] Retrying request to /chat/completions in 0.854358 seconds
2025-07-17 11:02:20,039 [ERROR] Error generating MongoDB query: Connection error.
2025-07-17 11:02:20,075 [ERROR] Error in NoSQL LangGraph execution: Type is not msgpack serializable: MongoClient
2025-07-17 11:02:21,116 [INFO] Initializing MongoDB connection
2025-07-17 11:02:21,152 [INFO] MongoDB connection successful - 7 documents in NL2SQL
2025-07-17 11:02:21,157 [INFO] Creating optimized query generation prompt
2025-07-17 11:02:21,157 [INFO] Query prompt template created successfully
2025-07-17 11:02:21,161 [INFO] Generating MongoDB aggregation pipeline
2025-07-17 11:02:21,327 [INFO] Retrying request to /embeddings in 0.392733 seconds
2025-07-17 11:02:21,730 [INFO] Retrying request to /embeddings in 0.774374 seconds
2025-07-17 11:02:22,515 [WARNING] Embedding selection failed: Connection error.
2025-07-17 11:02:22,531 [INFO] Retrying request to /chat/completions in 0.460469 seconds
2025-07-17 11:02:23,024 [INFO] Retrying request to /chat/completions in 0.928243 seconds
2025-07-17 11:02:23,997 [ERROR] Error generating MongoDB query: Connection error.
2025-07-17 11:02:24,003 [ERROR] Error in NoSQL LangGraph execution: Type is not msgpack serializable: MongoClient
2025-07-17 11:02:25,060 [INFO] Initializing MongoDB connection
2025-07-17 11:02:25,084 [INFO] MongoDB connection successful - 7 documents in NL2SQL
2025-07-17 11:02:25,088 [INFO] Creating optimized query generation prompt
2025-07-17 11:02:25,094 [INFO] Query prompt template created successfully
2025-07-17 11:02:25,096 [INFO] Generating MongoDB aggregation pipeline
2025-07-17 11:02:25,197 [INFO] Retrying request to /embeddings in 0.495907 seconds
2025-07-17 11:02:25,697 [INFO] Retrying request to /embeddings in 0.978218 seconds
2025-07-17 11:02:26,681 [WARNING] Embedding selection failed: Connection error.
2025-07-17 11:02:26,701 [INFO] Retrying request to /chat/completions in 0.424144 seconds
2025-07-17 11:02:27,132 [INFO] Retrying request to /chat/completions in 0.930293 seconds
2025-07-17 11:02:28,088 [ERROR] Error generating MongoDB query: Connection error.
2025-07-17 11:02:28,145 [ERROR] Error in NoSQL LangGraph execution: Type is not msgpack serializable: MongoClient
2025-07-17 11:02:29,164 [INFO] Initializing MongoDB connection
2025-07-17 11:02:29,240 [INFO] MongoDB connection successful - 7 documents in NL2SQL
2025-07-17 11:02:29,249 [INFO] Creating optimized query generation prompt
2025-07-17 11:02:29,253 [INFO] Query prompt template created successfully
2025-07-17 11:02:29,258 [INFO] Generating MongoDB aggregation pipeline
2025-07-17 11:02:29,335 [INFO] Retrying request to /embeddings in 0.423385 seconds
2025-07-17 11:02:29,767 [INFO] Retrying request to /embeddings in 0.846391 seconds
2025-07-17 11:02:30,640 [WARNING] Embedding selection failed: Connection error.
2025-07-17 11:02:30,664 [INFO] Retrying request to /chat/completions in 0.378230 seconds
2025-07-17 11:02:31,054 [INFO] Retrying request to /chat/completions in 0.807120 seconds
2025-07-17 11:02:31,945 [ERROR] Error generating MongoDB query: Connection error.
2025-07-17 11:02:31,990 [ERROR] Error in NoSQL LangGraph execution: Type is not msgpack serializable: MongoClient
2025-07-17 11:02:32,079 [INFO] Initializing MongoDB connection
2025-07-17 11:02:32,171 [INFO] MongoDB connection successful - 7 documents in NL2SQL
2025-07-17 11:02:32,177 [INFO] Creating optimized query generation prompt
2025-07-17 11:02:32,194 [INFO] Query prompt template created successfully
2025-07-17 11:02:32,197 [INFO] Generating MongoDB aggregation pipeline
2025-07-17 11:02:32,292 [INFO] Retrying request to /embeddings in 0.393419 seconds
2025-07-17 11:02:32,688 [INFO] Retrying request to /embeddings in 0.946828 seconds
2025-07-17 11:02:33,663 [WARNING] Embedding selection failed: Connection error.
2025-07-17 11:02:33,689 [INFO] Retrying request to /chat/completions in 0.397923 seconds
2025-07-17 11:02:34,138 [INFO] Retrying request to /chat/completions in 0.787848 seconds
2025-07-17 11:02:34,972 [ERROR] Error generating MongoDB query: Connection error.
2025-07-17 11:02:34,976 [ERROR] Error in NoSQL LangGraph execution: Type is not msgpack serializable: MongoClient
2025-07-17 11:02:34,992 [INFO] Initializing MongoDB connection
2025-07-17 11:02:35,065 [INFO] MongoDB connection successful - 7 documents in NL2SQL
2025-07-17 11:02:35,068 [INFO] Creating optimized query generation prompt
2025-07-17 11:02:35,070 [INFO] Query prompt template created successfully
2025-07-17 11:02:35,076 [INFO] Generating MongoDB aggregation pipeline
2025-07-17 11:02:35,268 [INFO] Retrying request to /embeddings in 0.470773 seconds
2025-07-17 11:02:35,750 [INFO] Retrying request to /embeddings in 0.750061 seconds
2025-07-17 11:02:36,513 [WARNING] Embedding selection failed: Connection error.
2025-07-17 11:02:36,522 [INFO] Retrying request to /chat/completions in 0.402919 seconds
2025-07-17 11:02:36,929 [INFO] Retrying request to /chat/completions in 0.784832 seconds
2025-07-17 11:02:37,716 [ERROR] Error generating MongoDB query: Connection error.
2025-07-17 11:02:37,723 [ERROR] Error in NoSQL LangGraph execution: Type is not msgpack serializable: MongoClient
2025-07-17 11:02:37,746 [INFO] Initializing MongoDB connection
2025-07-17 11:02:37,774 [INFO] MongoDB connection successful - 7 documents in NL2SQL
2025-07-17 11:02:37,780 [INFO] Creating optimized query generation prompt
2025-07-17 11:02:37,784 [INFO] Query prompt template created successfully
2025-07-17 11:02:37,790 [INFO] Generating MongoDB aggregation pipeline
2025-07-17 11:02:37,876 [INFO] Retrying request to /embeddings in 0.418625 seconds
2025-07-17 11:02:38,298 [INFO] Retrying request to /embeddings in 0.893763 seconds
2025-07-17 11:02:39,196 [WARNING] Embedding selection failed: Connection error.
2025-07-17 11:02:39,209 [INFO] Retrying request to /chat/completions in 0.461320 seconds
2025-07-17 11:02:39,675 [INFO] Retrying request to /chat/completions in 0.852392 seconds
2025-07-17 11:02:40,534 [ERROR] Error generating MongoDB query: Connection error.
2025-07-17 11:02:40,545 [ERROR] Error in NoSQL LangGraph execution: Type is not msgpack serializable: MongoClient
2025-07-17 11:02:40,554 [INFO] Initializing MongoDB connection
2025-07-17 11:02:40,576 [INFO] MongoDB connection successful - 7 documents in NL2SQL
2025-07-17 11:02:40,579 [INFO] Creating optimized query generation prompt
2025-07-17 11:02:40,591 [INFO] Query prompt template created successfully
2025-07-17 11:02:40,594 [INFO] Generating MongoDB aggregation pipeline
2025-07-17 11:02:40,670 [INFO] Retrying request to /embeddings in 0.428111 seconds
2025-07-17 11:02:41,101 [INFO] Retrying request to /embeddings in 0.772342 seconds
2025-07-17 11:02:41,883 [WARNING] Embedding selection failed: Connection error.
2025-07-17 11:02:41,900 [INFO] Retrying request to /chat/completions in 0.428931 seconds
2025-07-17 11:02:42,338 [INFO] Retrying request to /chat/completions in 0.921299 seconds
2025-07-17 11:02:43,264 [ERROR] Error generating MongoDB query: Connection error.
2025-07-17 11:02:43,278 [ERROR] Error in NoSQL LangGraph execution: Type is not msgpack serializable: MongoClient
2025-07-17 11:02:43,289 [INFO] Initializing MongoDB connection
2025-07-17 11:02:43,318 [INFO] MongoDB connection successful - 7 documents in NL2SQL
2025-07-17 11:02:43,321 [INFO] Creating optimized query generation prompt
2025-07-17 11:02:43,324 [INFO] Query prompt template created successfully
2025-07-17 11:02:43,327 [INFO] Generating MongoDB aggregation pipeline
2025-07-17 11:02:43,719 [INFO] Retrying request to /embeddings in 0.473863 seconds
2025-07-17 11:02:44,196 [INFO] Retrying request to /embeddings in 0.857888 seconds
2025-07-17 11:02:45,061 [WARNING] Embedding selection failed: Connection error.
2025-07-17 11:02:45,070 [INFO] Retrying request to /chat/completions in 0.414679 seconds
2025-07-17 11:02:45,489 [INFO] Retrying request to /chat/completions in 0.883286 seconds
2025-07-17 11:02:46,375 [ERROR] Error generating MongoDB query: Connection error.
2025-07-17 11:02:46,379 [ERROR] Error in NoSQL LangGraph execution: Type is not msgpack serializable: MongoClient
2025-07-17 11:02:46,387 [INFO] Initializing MongoDB connection
2025-07-17 11:02:46,409 [INFO] MongoDB connection successful - 7 documents in NL2SQL
2025-07-17 11:02:46,412 [INFO] Creating optimized query generation prompt
2025-07-17 11:02:46,414 [INFO] Query prompt template created successfully
2025-07-17 11:02:46,417 [INFO] Generating MongoDB aggregation pipeline
2025-07-17 11:02:46,487 [INFO] Retrying request to /embeddings in 0.396110 seconds
2025-07-17 11:02:46,886 [INFO] Retrying request to /embeddings in 0.796476 seconds
2025-07-17 11:02:47,687 [WARNING] Embedding selection failed: Connection error.
2025-07-17 11:02:47,692 [INFO] Retrying request to /chat/completions in 0.457758 seconds
2025-07-17 11:02:48,153 [INFO] Retrying request to /chat/completions in 0.838738 seconds
2025-07-17 11:02:48,996 [ERROR] Error generating MongoDB query: Connection error.
2025-07-17 11:02:49,010 [ERROR] Error in NoSQL LangGraph execution: Type is not msgpack serializable: MongoClient
2025-07-17 11:02:49,030 [INFO] Initializing MongoDB connection
2025-07-17 11:02:49,081 [INFO] MongoDB connection successful - 7 documents in NL2SQL
2025-07-17 11:02:49,090 [INFO] Creating optimized query generation prompt
2025-07-17 11:02:49,092 [INFO] Query prompt template created successfully
2025-07-17 11:02:49,095 [INFO] Generating MongoDB aggregation pipeline
2025-07-17 11:02:49,193 [INFO] Retrying request to /embeddings in 0.474553 seconds
2025-07-17 11:02:49,670 [INFO] Retrying request to /embeddings in 0.782427 seconds
2025-07-17 11:02:50,455 [WARNING] Embedding selection failed: Connection error.
2025-07-17 11:02:50,462 [INFO] Retrying request to /chat/completions in 0.480880 seconds
2025-07-17 11:02:50,945 [INFO] Retrying request to /chat/completions in 0.849225 seconds
2025-07-17 11:02:51,796 [ERROR] Error generating MongoDB query: Connection error.
2025-07-17 11:02:51,801 [ERROR] Error in NoSQL LangGraph execution: Type is not msgpack serializable: MongoClient
2025-07-17 11:02:59,989 [INFO] Initializing MongoDB connection
2025-07-17 11:03:00,009 [INFO] MongoDB connection successful - 7 documents in NL2SQL
2025-07-17 11:03:00,025 [INFO] Creating optimized query generation prompt
2025-07-17 11:03:00,035 [INFO] Query prompt template created successfully
2025-07-17 11:03:00,037 [INFO] Generating MongoDB aggregation pipeline
2025-07-17 11:03:00,123 [INFO] Retrying request to /embeddings in 0.466697 seconds
2025-07-17 11:03:00,592 [INFO] Retrying request to /embeddings in 0.914494 seconds
2025-07-17 11:03:01,509 [WARNING] Embedding selection failed: Connection error.
2025-07-17 11:03:01,516 [INFO] Retrying request to /chat/completions in 0.484873 seconds
2025-07-17 11:03:02,006 [INFO] Retrying request to /chat/completions in 0.888788 seconds
2025-07-17 11:03:02,901 [ERROR] Error generating MongoDB query: Connection error.
2025-07-17 11:03:02,905 [ERROR] Error in NoSQL LangGraph execution: Type is not msgpack serializable: MongoClient
2025-07-17 12:04:41,820 [INFO] Initializing MongoDB connection
2025-07-17 12:04:41,889 [INFO] MongoDB connection successful - 7 documents in NL2SQL
2025-07-17 12:04:41,890 [INFO] Creating optimized query generation prompt
2025-07-17 12:04:41,891 [INFO] Query prompt template created successfully
2025-07-17 12:04:41,892 [INFO] Generating MongoDB aggregation pipeline
2025-07-17 12:04:43,060 [INFO] Anonymized telemetry enabled. See                     https://docs.trychroma.com/telemetry for more information.
2025-07-17 12:04:44,546 [INFO] HTTP Request: POST https://slideoo-editor-chatbot.openai.azure.com/openai/deployments/Text-Analytics/embeddings?api-version=2024-02-01 "HTTP/1.1 200 OK"
2025-07-17 12:04:44,655 [WARNING] Embedding selection failed: Expected metadata value to be a str, int, float, bool, or None, got [{'$count': 'total_documents'}] which is a list in upsert.

Try filtering complex metadata from the document using langchain_community.vectorstores.utils.filter_complex_metadata.
2025-07-17 12:04:45,390 [INFO] HTTP Request: POST https://slideoo-editor-chatbot.openai.azure.com/openai/deployments/slideoo-chat-1/chat/completions?api-version=2024-02-01 "HTTP/1.1 200 OK"
2025-07-17 12:04:45,405 [INFO] Generated 1 stage pipeline
2025-07-17 12:04:45,406 [INFO] Executing MongoDB aggregation pipeline
2025-07-17 12:04:45,414 [INFO] Query executed successfully - 1 documents returned
2025-07-17 12:04:45,415 [INFO] Generating adaptive conversational response
2025-07-17 12:04:46,989 [INFO] HTTP Request: POST https://slideoo-editor-chatbot.openai.azure.com/openai/deployments/slideoo-chat-1/chat/completions?api-version=2024-02-01 "HTTP/1.1 200 OK"
2025-07-17 12:04:46,991 [INFO] Generated detailed response for 1 results
2025-07-17 12:04:46,993 [INFO] Cleaning up resources
2025-07-17 12:04:46,995 [INFO] MongoDB connection closed
2025-07-17 12:04:46,997 [ERROR] Error in NoSQL LangGraph execution: Type is not msgpack serializable: MongoClient
2025-07-17 12:04:48,005 [INFO] Initializing MongoDB connection
2025-07-17 12:04:48,017 [INFO] MongoDB connection successful - 7 documents in NL2SQL
2025-07-17 12:04:48,018 [INFO] Creating optimized query generation prompt
2025-07-17 12:04:48,020 [INFO] Query prompt template created successfully
2025-07-17 12:04:48,020 [INFO] Generating MongoDB aggregation pipeline
2025-07-17 12:04:48,242 [INFO] HTTP Request: POST https://slideoo-editor-chatbot.openai.azure.com/openai/deployments/Text-Analytics/embeddings?api-version=2024-02-01 "HTTP/1.1 200 OK"
2025-07-17 12:04:48,249 [WARNING] Embedding selection failed: Expected metadata value to be a str, int, float, bool, or None, got [{'$count': 'total_documents'}] which is a list in upsert.

Try filtering complex metadata from the document using langchain_community.vectorstores.utils.filter_complex_metadata.
2025-07-17 12:04:49,034 [INFO] HTTP Request: POST https://slideoo-editor-chatbot.openai.azure.com/openai/deployments/slideoo-chat-1/chat/completions?api-version=2024-02-01 "HTTP/1.1 200 OK"
2025-07-17 12:04:49,037 [INFO] Generated 3 stage pipeline
2025-07-17 12:04:49,039 [INFO] Executing MongoDB aggregation pipeline
2025-07-17 12:04:49,053 [INFO] Query executed successfully - 6 documents returned
2025-07-17 12:04:49,054 [INFO] Generating adaptive conversational response
2025-07-17 12:04:50,723 [INFO] HTTP Request: POST https://slideoo-editor-chatbot.openai.azure.com/openai/deployments/slideoo-chat-1/chat/completions?api-version=2024-02-01 "HTTP/1.1 200 OK"
2025-07-17 12:04:50,726 [INFO] Generated summary response for 6 results
2025-07-17 12:04:50,727 [INFO] Cleaning up resources
2025-07-17 12:04:50,729 [INFO] MongoDB connection closed
2025-07-17 12:04:50,731 [ERROR] Error in NoSQL LangGraph execution: Type is not msgpack serializable: MongoClient
2025-07-17 12:04:51,737 [INFO] Initializing MongoDB connection
2025-07-17 12:04:51,747 [INFO] MongoDB connection successful - 7 documents in NL2SQL
2025-07-17 12:04:51,748 [INFO] Creating optimized query generation prompt
2025-07-17 12:04:51,749 [INFO] Query prompt template created successfully
2025-07-17 12:04:51,751 [INFO] Generating MongoDB aggregation pipeline
2025-07-17 12:04:51,996 [INFO] HTTP Request: POST https://slideoo-editor-chatbot.openai.azure.com/openai/deployments/Text-Analytics/embeddings?api-version=2024-02-01 "HTTP/1.1 200 OK"
2025-07-17 12:04:52,006 [WARNING] Embedding selection failed: Expected metadata value to be a str, int, float, bool, or None, got [{'$count': 'total_documents'}] which is a list in upsert.

Try filtering complex metadata from the document using langchain_community.vectorstores.utils.filter_complex_metadata.
2025-07-17 12:04:52,744 [INFO] HTTP Request: POST https://slideoo-editor-chatbot.openai.azure.com/openai/deployments/slideoo-chat-1/chat/completions?api-version=2024-02-01 "HTTP/1.1 200 OK"
2025-07-17 12:04:52,746 [INFO] Generated 3 stage pipeline
2025-07-17 12:04:52,747 [INFO] Executing MongoDB aggregation pipeline
2025-07-17 12:04:52,751 [INFO] Query executed successfully - 1 documents returned
2025-07-17 12:04:52,752 [INFO] Generating adaptive conversational response
2025-07-17 12:04:54,500 [INFO] HTTP Request: POST https://slideoo-editor-chatbot.openai.azure.com/openai/deployments/slideoo-chat-1/chat/completions?api-version=2024-02-01 "HTTP/1.1 200 OK"
2025-07-17 12:04:54,502 [INFO] Generated detailed response for 1 results
2025-07-17 12:04:54,504 [INFO] Cleaning up resources
2025-07-17 12:04:54,505 [INFO] MongoDB connection closed
2025-07-17 12:04:54,507 [ERROR] Error in NoSQL LangGraph execution: Type is not msgpack serializable: MongoClient
2025-07-17 12:04:55,514 [INFO] Initializing MongoDB connection
2025-07-17 12:04:55,558 [INFO] MongoDB connection successful - 7 documents in NL2SQL
2025-07-17 12:04:55,560 [INFO] Creating optimized query generation prompt
2025-07-17 12:04:55,561 [INFO] Query prompt template created successfully
2025-07-17 12:04:55,562 [INFO] Generating MongoDB aggregation pipeline
2025-07-17 12:04:55,756 [INFO] HTTP Request: POST https://slideoo-editor-chatbot.openai.azure.com/openai/deployments/Text-Analytics/embeddings?api-version=2024-02-01 "HTTP/1.1 200 OK"
2025-07-17 12:04:55,765 [WARNING] Embedding selection failed: Expected metadata value to be a str, int, float, bool, or None, got [{'$count': 'total_documents'}] which is a list in upsert.

Try filtering complex metadata from the document using langchain_community.vectorstores.utils.filter_complex_metadata.
2025-07-17 12:04:56,248 [INFO] HTTP Request: POST https://slideoo-editor-chatbot.openai.azure.com/openai/deployments/slideoo-chat-1/chat/completions?api-version=2024-02-01 "HTTP/1.1 200 OK"
2025-07-17 12:04:56,252 [INFO] Generated 1 stage pipeline
2025-07-17 12:04:56,254 [INFO] Executing MongoDB aggregation pipeline
2025-07-17 12:04:56,262 [INFO] Query executed successfully - 2 documents returned
2025-07-17 12:04:56,264 [INFO] Generating adaptive conversational response
2025-07-17 12:04:58,499 [INFO] HTTP Request: POST https://slideoo-editor-chatbot.openai.azure.com/openai/deployments/slideoo-chat-1/chat/completions?api-version=2024-02-01 "HTTP/1.1 200 OK"
2025-07-17 12:04:58,501 [INFO] Generated detailed response for 2 results
2025-07-17 12:04:58,502 [INFO] Cleaning up resources
2025-07-17 12:04:58,504 [INFO] MongoDB connection closed
2025-07-17 12:04:58,506 [ERROR] Error in NoSQL LangGraph execution: Type is not msgpack serializable: MongoClient
2025-07-17 12:04:59,513 [INFO] Initializing MongoDB connection
2025-07-17 12:04:59,561 [INFO] MongoDB connection successful - 7 documents in NL2SQL
2025-07-17 12:04:59,562 [INFO] Creating optimized query generation prompt
2025-07-17 12:04:59,562 [INFO] Query prompt template created successfully
2025-07-17 12:04:59,563 [INFO] Generating MongoDB aggregation pipeline
2025-07-17 12:04:59,756 [INFO] HTTP Request: POST https://slideoo-editor-chatbot.openai.azure.com/openai/deployments/Text-Analytics/embeddings?api-version=2024-02-01 "HTTP/1.1 200 OK"
2025-07-17 12:04:59,767 [WARNING] Embedding selection failed: Expected metadata value to be a str, int, float, bool, or None, got [{'$count': 'total_documents'}] which is a list in upsert.

Try filtering complex metadata from the document using langchain_community.vectorstores.utils.filter_complex_metadata.
2025-07-17 12:05:00,254 [INFO] HTTP Request: POST https://slideoo-editor-chatbot.openai.azure.com/openai/deployments/slideoo-chat-1/chat/completions?api-version=2024-02-01 "HTTP/1.1 200 OK"
2025-07-17 12:05:00,258 [INFO] Generated 2 stage pipeline
2025-07-17 12:05:00,260 [INFO] Executing MongoDB aggregation pipeline
2025-07-17 12:05:00,268 [INFO] Query executed successfully - 0 documents returned
2025-07-17 12:05:00,270 [INFO] Generating adaptive conversational response
2025-07-17 12:05:00,270 [INFO] Generated no_results response for 0 results
2025-07-17 12:05:00,271 [INFO] Cleaning up resources
2025-07-17 12:05:00,273 [INFO] MongoDB connection closed
2025-07-17 12:05:00,275 [ERROR] Error in NoSQL LangGraph execution: Type is not msgpack serializable: MongoClient
2025-07-17 17:00:58,422 [INFO] Initializing MongoDB connection
2025-07-17 17:00:58,533 [INFO] MongoDB connection successful - 7 documents in NL2SQL
2025-07-17 17:00:58,536 [INFO] Creating optimized query generation prompt
2025-07-17 17:00:58,538 [INFO] Query prompt template created successfully
2025-07-17 17:00:58,540 [INFO] Generating MongoDB aggregation pipeline
2025-07-17 17:00:59,971 [INFO] Anonymized telemetry enabled. See                     https://docs.trychroma.com/telemetry for more information.
2025-07-17 17:01:01,621 [INFO] HTTP Request: POST https://slideoo-editor-chatbot.openai.azure.com/openai/deployments/Text-Analytics/embeddings?api-version=2024-02-01 "HTTP/1.1 200 OK"
2025-07-17 17:01:01,724 [WARNING] Embedding selection failed: Expected metadata value to be a str, int, float, bool, or None, got [{'$count': 'total_documents'}] which is a list in upsert.

Try filtering complex metadata from the document using langchain_community.vectorstores.utils.filter_complex_metadata.
2025-07-17 17:01:02,476 [INFO] HTTP Request: POST https://slideoo-editor-chatbot.openai.azure.com/openai/deployments/slideoo-chat-1/chat/completions?api-version=2024-02-01 "HTTP/1.1 200 OK"
2025-07-17 17:01:02,493 [INFO] Generated 1 stage pipeline
2025-07-17 17:01:02,496 [INFO] Executing MongoDB aggregation pipeline
2025-07-17 17:01:02,499 [INFO] Query executed successfully - 1 documents returned
2025-07-17 17:01:02,503 [INFO] Generating adaptive conversational response
2025-07-17 17:01:04,426 [INFO] HTTP Request: POST https://slideoo-editor-chatbot.openai.azure.com/openai/deployments/slideoo-chat-1/chat/completions?api-version=2024-02-01 "HTTP/1.1 200 OK"
2025-07-17 17:01:04,429 [INFO] Generated detailed response for 1 results
2025-07-17 17:01:04,431 [INFO] Cleaning up resources
2025-07-17 17:01:04,433 [INFO] MongoDB connection closed
2025-07-17 17:01:04,436 [ERROR] Error in NoSQL LangGraph execution: Type is not msgpack serializable: MongoClient
2025-07-17 17:01:05,446 [INFO] Initializing MongoDB connection
2025-07-17 17:01:05,474 [INFO] MongoDB connection successful - 7 documents in NL2SQL
2025-07-17 17:01:05,478 [INFO] Creating optimized query generation prompt
2025-07-17 17:01:05,480 [INFO] Query prompt template created successfully
2025-07-17 17:01:05,483 [INFO] Generating MongoDB aggregation pipeline
2025-07-17 17:01:05,708 [INFO] HTTP Request: POST https://slideoo-editor-chatbot.openai.azure.com/openai/deployments/Text-Analytics/embeddings?api-version=2024-02-01 "HTTP/1.1 200 OK"
2025-07-17 17:01:05,715 [WARNING] Embedding selection failed: Expected metadata value to be a str, int, float, bool, or None, got [{'$count': 'total_documents'}] which is a list in upsert.

Try filtering complex metadata from the document using langchain_community.vectorstores.utils.filter_complex_metadata.
2025-07-17 17:01:06,509 [INFO] HTTP Request: POST https://slideoo-editor-chatbot.openai.azure.com/openai/deployments/slideoo-chat-1/chat/completions?api-version=2024-02-01 "HTTP/1.1 200 OK"
2025-07-17 17:01:06,513 [INFO] Generated 3 stage pipeline
2025-07-17 17:01:06,515 [INFO] Executing MongoDB aggregation pipeline
2025-07-17 17:01:06,520 [INFO] Query executed successfully - 6 documents returned
2025-07-17 17:01:06,522 [INFO] Generating adaptive conversational response
2025-07-17 17:01:08,088 [INFO] HTTP Request: POST https://slideoo-editor-chatbot.openai.azure.com/openai/deployments/slideoo-chat-1/chat/completions?api-version=2024-02-01 "HTTP/1.1 200 OK"
2025-07-17 17:01:08,092 [INFO] Generated summary response for 6 results
2025-07-17 17:01:08,094 [INFO] Cleaning up resources
2025-07-17 17:01:08,097 [INFO] MongoDB connection closed
2025-07-17 17:01:08,099 [ERROR] Error in NoSQL LangGraph execution: Type is not msgpack serializable: MongoClient
2025-07-17 17:01:09,106 [INFO] Initializing MongoDB connection
2025-07-17 17:01:09,146 [INFO] MongoDB connection successful - 7 documents in NL2SQL
2025-07-17 17:01:09,147 [INFO] Creating optimized query generation prompt
2025-07-17 17:01:09,148 [INFO] Query prompt template created successfully
2025-07-17 17:01:09,150 [INFO] Generating MongoDB aggregation pipeline
2025-07-17 17:01:09,350 [INFO] HTTP Request: POST https://slideoo-editor-chatbot.openai.azure.com/openai/deployments/Text-Analytics/embeddings?api-version=2024-02-01 "HTTP/1.1 200 OK"
2025-07-17 17:01:09,358 [WARNING] Embedding selection failed: Expected metadata value to be a str, int, float, bool, or None, got [{'$count': 'total_documents'}] which is a list in upsert.

Try filtering complex metadata from the document using langchain_community.vectorstores.utils.filter_complex_metadata.
2025-07-17 17:01:10,077 [INFO] HTTP Request: POST https://slideoo-editor-chatbot.openai.azure.com/openai/deployments/slideoo-chat-1/chat/completions?api-version=2024-02-01 "HTTP/1.1 200 OK"
2025-07-17 17:01:10,080 [INFO] Generated 3 stage pipeline
2025-07-17 17:01:10,082 [INFO] Executing MongoDB aggregation pipeline
2025-07-17 17:01:10,086 [INFO] Query executed successfully - 1 documents returned
2025-07-17 17:01:10,088 [INFO] Generating adaptive conversational response
2025-07-17 17:01:11,957 [INFO] HTTP Request: POST https://slideoo-editor-chatbot.openai.azure.com/openai/deployments/slideoo-chat-1/chat/completions?api-version=2024-02-01 "HTTP/1.1 200 OK"
2025-07-17 17:01:11,959 [INFO] Generated detailed response for 1 results
2025-07-17 17:01:11,961 [INFO] Cleaning up resources
2025-07-17 17:01:11,963 [INFO] MongoDB connection closed
2025-07-17 17:01:11,966 [ERROR] Error in NoSQL LangGraph execution: Type is not msgpack serializable: MongoClient
2025-07-17 17:01:12,975 [INFO] Initializing MongoDB connection
2025-07-17 17:01:13,011 [INFO] MongoDB connection successful - 7 documents in NL2SQL
2025-07-17 17:01:13,013 [INFO] Creating optimized query generation prompt
2025-07-17 17:01:13,014 [INFO] Query prompt template created successfully
2025-07-17 17:01:13,016 [INFO] Generating MongoDB aggregation pipeline
2025-07-17 17:01:13,222 [INFO] HTTP Request: POST https://slideoo-editor-chatbot.openai.azure.com/openai/deployments/Text-Analytics/embeddings?api-version=2024-02-01 "HTTP/1.1 200 OK"
2025-07-17 17:01:13,228 [WARNING] Embedding selection failed: Expected metadata value to be a str, int, float, bool, or None, got [{'$count': 'total_documents'}] which is a list in upsert.

Try filtering complex metadata from the document using langchain_community.vectorstores.utils.filter_complex_metadata.
2025-07-17 17:01:13,695 [INFO] HTTP Request: POST https://slideoo-editor-chatbot.openai.azure.com/openai/deployments/slideoo-chat-1/chat/completions?api-version=2024-02-01 "HTTP/1.1 200 OK"
2025-07-17 17:01:13,697 [INFO] Generated 1 stage pipeline
2025-07-17 17:01:13,699 [INFO] Executing MongoDB aggregation pipeline
2025-07-17 17:01:13,702 [INFO] Query executed successfully - 2 documents returned
2025-07-17 17:01:13,704 [INFO] Generating adaptive conversational response
2025-07-17 17:01:15,215 [INFO] HTTP Request: POST https://slideoo-editor-chatbot.openai.azure.com/openai/deployments/slideoo-chat-1/chat/completions?api-version=2024-02-01 "HTTP/1.1 200 OK"
2025-07-17 17:01:15,218 [INFO] Generated detailed response for 2 results
2025-07-17 17:01:15,220 [INFO] Cleaning up resources
2025-07-17 17:01:15,222 [INFO] MongoDB connection closed
2025-07-17 17:01:15,225 [ERROR] Error in NoSQL LangGraph execution: Type is not msgpack serializable: MongoClient
2025-07-17 17:01:16,234 [INFO] Initializing MongoDB connection
2025-07-17 17:01:16,281 [INFO] MongoDB connection successful - 7 documents in NL2SQL
2025-07-17 17:01:16,283 [INFO] Creating optimized query generation prompt
2025-07-17 17:01:16,284 [INFO] Query prompt template created successfully
2025-07-17 17:01:16,286 [INFO] Generating MongoDB aggregation pipeline
2025-07-17 17:01:16,479 [INFO] HTTP Request: POST https://slideoo-editor-chatbot.openai.azure.com/openai/deployments/Text-Analytics/embeddings?api-version=2024-02-01 "HTTP/1.1 200 OK"
2025-07-17 17:01:16,489 [WARNING] Embedding selection failed: Expected metadata value to be a str, int, float, bool, or None, got [{'$count': 'total_documents'}] which is a list in upsert.

Try filtering complex metadata from the document using langchain_community.vectorstores.utils.filter_complex_metadata.
2025-07-17 17:01:17,290 [INFO] HTTP Request: POST https://slideoo-editor-chatbot.openai.azure.com/openai/deployments/slideoo-chat-1/chat/completions?api-version=2024-02-01 "HTTP/1.1 200 OK"
2025-07-17 17:01:17,293 [INFO] Generated 3 stage pipeline
2025-07-17 17:01:17,295 [INFO] Executing MongoDB aggregation pipeline
2025-07-17 17:01:17,298 [INFO] Query executed successfully - 0 documents returned
2025-07-17 17:01:17,300 [INFO] Generating adaptive conversational response
2025-07-17 17:01:17,301 [INFO] Generated no_results response for 0 results
2025-07-17 17:01:17,302 [INFO] Cleaning up resources
2025-07-17 17:01:17,304 [INFO] MongoDB connection closed
2025-07-17 17:01:17,307 [ERROR] Error in NoSQL LangGraph execution: Type is not msgpack serializable: MongoClient
2025-07-17 17:01:18,317 [INFO] Initializing MongoDB connection
2025-07-17 17:01:18,333 [INFO] MongoDB connection successful - 7 documents in NL2SQL
2025-07-17 17:01:18,336 [INFO] Creating optimized query generation prompt
2025-07-17 17:01:18,338 [INFO] Query prompt template created successfully
2025-07-17 17:01:18,340 [INFO] Generating MongoDB aggregation pipeline
2025-07-17 17:01:18,537 [INFO] HTTP Request: POST https://slideoo-editor-chatbot.openai.azure.com/openai/deployments/Text-Analytics/embeddings?api-version=2024-02-01 "HTTP/1.1 200 OK"
2025-07-17 17:01:18,543 [WARNING] Embedding selection failed: Expected metadata value to be a str, int, float, bool, or None, got [{'$count': 'total_documents'}] which is a list in upsert.

Try filtering complex metadata from the document using langchain_community.vectorstores.utils.filter_complex_metadata.
2025-07-17 17:01:19,609 [INFO] HTTP Request: POST https://slideoo-editor-chatbot.openai.azure.com/openai/deployments/slideoo-chat-1/chat/completions?api-version=2024-02-01 "HTTP/1.1 200 OK"
2025-07-17 17:01:19,612 [INFO] Generated 1 stage pipeline
2025-07-17 17:01:19,614 [INFO] Executing MongoDB aggregation pipeline
2025-07-17 17:01:19,621 [INFO] Query executed successfully - 1 documents returned
2025-07-17 17:01:19,623 [INFO] Generating adaptive conversational response
2025-07-17 17:01:21,214 [INFO] HTTP Request: POST https://slideoo-editor-chatbot.openai.azure.com/openai/deployments/slideoo-chat-1/chat/completions?api-version=2024-02-01 "HTTP/1.1 200 OK"
2025-07-17 17:01:21,217 [INFO] Generated detailed response for 1 results
2025-07-17 17:01:21,219 [INFO] Cleaning up resources
2025-07-17 17:01:21,222 [INFO] MongoDB connection closed
2025-07-17 17:01:21,224 [ERROR] Error in NoSQL LangGraph execution: Type is not msgpack serializable: MongoClient
2025-07-17 17:01:21,230 [INFO] Initializing MongoDB connection
2025-07-17 17:01:21,261 [INFO] MongoDB connection successful - 7 documents in NL2SQL
2025-07-17 17:01:21,263 [INFO] Creating optimized query generation prompt
2025-07-17 17:01:21,264 [INFO] Query prompt template created successfully
2025-07-17 17:01:21,265 [INFO] Generating MongoDB aggregation pipeline
2025-07-17 17:01:21,464 [INFO] HTTP Request: POST https://slideoo-editor-chatbot.openai.azure.com/openai/deployments/Text-Analytics/embeddings?api-version=2024-02-01 "HTTP/1.1 200 OK"
2025-07-17 17:01:21,470 [WARNING] Embedding selection failed: Expected metadata value to be a str, int, float, bool, or None, got [{'$count': 'total_documents'}] which is a list in upsert.

Try filtering complex metadata from the document using langchain_community.vectorstores.utils.filter_complex_metadata.
2025-07-17 17:01:21,960 [INFO] HTTP Request: POST https://slideoo-editor-chatbot.openai.azure.com/openai/deployments/slideoo-chat-1/chat/completions?api-version=2024-02-01 "HTTP/1.1 200 OK"
2025-07-17 17:01:21,963 [INFO] Generated 2 stage pipeline
2025-07-17 17:01:21,966 [INFO] Executing MongoDB aggregation pipeline
2025-07-17 17:01:21,969 [INFO] Query executed successfully - 0 documents returned
2025-07-17 17:01:21,971 [INFO] Generating adaptive conversational response
2025-07-17 17:01:21,972 [INFO] Generated no_results response for 0 results
2025-07-17 17:01:21,973 [INFO] Cleaning up resources
2025-07-17 17:01:21,975 [INFO] MongoDB connection closed
2025-07-17 17:01:21,977 [ERROR] Error in NoSQL LangGraph execution: Type is not msgpack serializable: MongoClient
2025-07-17 17:01:21,983 [INFO] Initializing MongoDB connection
2025-07-17 17:01:22,007 [INFO] MongoDB connection successful - 7 documents in NL2SQL
2025-07-17 17:01:22,009 [INFO] Creating optimized query generation prompt
2025-07-17 17:01:22,010 [INFO] Query prompt template created successfully
2025-07-17 17:01:22,011 [INFO] Generating MongoDB aggregation pipeline
2025-07-17 17:01:22,209 [INFO] HTTP Request: POST https://slideoo-editor-chatbot.openai.azure.com/openai/deployments/Text-Analytics/embeddings?api-version=2024-02-01 "HTTP/1.1 200 OK"
2025-07-17 17:01:22,216 [WARNING] Embedding selection failed: Expected metadata value to be a str, int, float, bool, or None, got [{'$count': 'total_documents'}] which is a list in upsert.

Try filtering complex metadata from the document using langchain_community.vectorstores.utils.filter_complex_metadata.
2025-07-17 17:01:22,687 [INFO] HTTP Request: POST https://slideoo-editor-chatbot.openai.azure.com/openai/deployments/slideoo-chat-1/chat/completions?api-version=2024-02-01 "HTTP/1.1 200 OK"
2025-07-17 17:01:22,690 [INFO] Generated 2 stage pipeline
2025-07-17 17:01:22,691 [INFO] Executing MongoDB aggregation pipeline
2025-07-17 17:01:22,693 [INFO] Query executed successfully - 0 documents returned
2025-07-17 17:01:22,695 [INFO] Generating adaptive conversational response
2025-07-17 17:01:22,697 [INFO] Generated no_results response for 0 results
2025-07-17 17:01:22,698 [INFO] Cleaning up resources
2025-07-17 17:01:22,700 [INFO] MongoDB connection closed
2025-07-17 17:01:22,704 [ERROR] Error in NoSQL LangGraph execution: Type is not msgpack serializable: MongoClient
2025-07-17 17:01:22,710 [INFO] Initializing MongoDB connection
2025-07-17 17:01:22,739 [INFO] MongoDB connection successful - 7 documents in NL2SQL
2025-07-17 17:01:22,741 [INFO] Creating optimized query generation prompt
2025-07-17 17:01:22,742 [INFO] Query prompt template created successfully
2025-07-17 17:01:22,744 [INFO] Generating MongoDB aggregation pipeline
2025-07-17 17:01:22,941 [INFO] HTTP Request: POST https://slideoo-editor-chatbot.openai.azure.com/openai/deployments/Text-Analytics/embeddings?api-version=2024-02-01 "HTTP/1.1 200 OK"
2025-07-17 17:01:22,949 [WARNING] Embedding selection failed: Expected metadata value to be a str, int, float, bool, or None, got [{'$count': 'total_documents'}] which is a list in upsert.

Try filtering complex metadata from the document using langchain_community.vectorstores.utils.filter_complex_metadata.
2025-07-17 17:01:23,489 [INFO] HTTP Request: POST https://slideoo-editor-chatbot.openai.azure.com/openai/deployments/slideoo-chat-1/chat/completions?api-version=2024-02-01 "HTTP/1.1 200 OK"
2025-07-17 17:01:23,493 [INFO] Generated 1 stage pipeline
2025-07-17 17:01:23,495 [INFO] Executing MongoDB aggregation pipeline
2025-07-17 17:01:23,500 [INFO] Query executed successfully - 1 documents returned
2025-07-17 17:01:23,504 [INFO] Generating adaptive conversational response
2025-07-17 17:01:25,106 [INFO] HTTP Request: POST https://slideoo-editor-chatbot.openai.azure.com/openai/deployments/slideoo-chat-1/chat/completions?api-version=2024-02-01 "HTTP/1.1 200 OK"
2025-07-17 17:01:25,110 [INFO] Generated detailed response for 1 results
2025-07-17 17:01:25,111 [INFO] Cleaning up resources
2025-07-17 17:01:25,114 [INFO] MongoDB connection closed
2025-07-17 17:01:25,117 [ERROR] Error in NoSQL LangGraph execution: Type is not msgpack serializable: MongoClient
2025-07-17 17:01:25,123 [INFO] Initializing MongoDB connection
2025-07-17 17:01:25,148 [INFO] MongoDB connection successful - 7 documents in NL2SQL
2025-07-17 17:01:25,150 [INFO] Creating optimized query generation prompt
2025-07-17 17:01:25,152 [INFO] Query prompt template created successfully
2025-07-17 17:01:25,154 [INFO] Generating MongoDB aggregation pipeline
2025-07-17 17:01:25,360 [INFO] HTTP Request: POST https://slideoo-editor-chatbot.openai.azure.com/openai/deployments/Text-Analytics/embeddings?api-version=2024-02-01 "HTTP/1.1 200 OK"
2025-07-17 17:01:25,365 [WARNING] Embedding selection failed: Expected metadata value to be a str, int, float, bool, or None, got [{'$count': 'total_documents'}] which is a list in upsert.

Try filtering complex metadata from the document using langchain_community.vectorstores.utils.filter_complex_metadata.
2025-07-17 17:01:25,942 [INFO] HTTP Request: POST https://slideoo-editor-chatbot.openai.azure.com/openai/deployments/slideoo-chat-1/chat/completions?api-version=2024-02-01 "HTTP/1.1 200 OK"
2025-07-17 17:01:25,945 [INFO] Generated 3 stage pipeline
2025-07-17 17:01:25,946 [INFO] Executing MongoDB aggregation pipeline
2025-07-17 17:01:25,958 [INFO] Query executed successfully - 0 documents returned
2025-07-17 17:01:25,961 [INFO] Generating adaptive conversational response
2025-07-17 17:01:25,963 [INFO] Generated no_results response for 0 results
2025-07-17 17:01:25,965 [INFO] Cleaning up resources
2025-07-17 17:01:25,969 [INFO] MongoDB connection closed
2025-07-17 17:01:25,972 [ERROR] Error in NoSQL LangGraph execution: Type is not msgpack serializable: MongoClient
2025-07-17 17:01:25,979 [INFO] Initializing MongoDB connection
2025-07-17 17:01:25,997 [INFO] MongoDB connection successful - 7 documents in NL2SQL
2025-07-17 17:01:26,000 [INFO] Creating optimized query generation prompt
2025-07-17 17:01:26,002 [INFO] Query prompt template created successfully
2025-07-17 17:01:26,004 [INFO] Generating MongoDB aggregation pipeline
2025-07-17 17:01:26,194 [INFO] HTTP Request: POST https://slideoo-editor-chatbot.openai.azure.com/openai/deployments/Text-Analytics/embeddings?api-version=2024-02-01 "HTTP/1.1 200 OK"
2025-07-17 17:01:26,201 [WARNING] Embedding selection failed: Expected metadata value to be a str, int, float, bool, or None, got [{'$count': 'total_documents'}] which is a list in upsert.

Try filtering complex metadata from the document using langchain_community.vectorstores.utils.filter_complex_metadata.
2025-07-17 17:01:26,556 [INFO] HTTP Request: POST https://slideoo-editor-chatbot.openai.azure.com/openai/deployments/slideoo-chat-1/chat/completions?api-version=2024-02-01 "HTTP/1.1 200 OK"
2025-07-17 17:01:26,559 [INFO] Generated 1 stage pipeline
2025-07-17 17:01:26,560 [INFO] Executing MongoDB aggregation pipeline
2025-07-17 17:01:26,563 [INFO] Query executed successfully - 1 documents returned
2025-07-17 17:01:26,564 [INFO] Generating adaptive conversational response
2025-07-17 17:01:28,326 [INFO] HTTP Request: POST https://slideoo-editor-chatbot.openai.azure.com/openai/deployments/slideoo-chat-1/chat/completions?api-version=2024-02-01 "HTTP/1.1 200 OK"
2025-07-17 17:01:28,329 [INFO] Generated detailed response for 1 results
2025-07-17 17:01:28,331 [INFO] Cleaning up resources
2025-07-17 17:01:28,334 [INFO] MongoDB connection closed
2025-07-17 17:01:28,337 [ERROR] Error in NoSQL LangGraph execution: Type is not msgpack serializable: MongoClient
2025-07-17 17:01:28,343 [INFO] Initializing MongoDB connection
2025-07-17 17:01:28,361 [INFO] MongoDB connection successful - 7 documents in NL2SQL
2025-07-17 17:01:28,364 [INFO] Creating optimized query generation prompt
2025-07-17 17:01:28,367 [INFO] Query prompt template created successfully
2025-07-17 17:01:28,370 [INFO] Generating MongoDB aggregation pipeline
2025-07-17 17:01:28,569 [INFO] HTTP Request: POST https://slideoo-editor-chatbot.openai.azure.com/openai/deployments/Text-Analytics/embeddings?api-version=2024-02-01 "HTTP/1.1 200 OK"
2025-07-17 17:01:28,577 [WARNING] Embedding selection failed: Expected metadata value to be a str, int, float, bool, or None, got [{'$count': 'total_documents'}] which is a list in upsert.

Try filtering complex metadata from the document using langchain_community.vectorstores.utils.filter_complex_metadata.
2025-07-17 17:01:29,181 [INFO] HTTP Request: POST https://slideoo-editor-chatbot.openai.azure.com/openai/deployments/slideoo-chat-1/chat/completions?api-version=2024-02-01 "HTTP/1.1 200 OK"
2025-07-17 17:01:29,188 [INFO] Generated 2 stage pipeline
2025-07-17 17:01:29,192 [INFO] Executing MongoDB aggregation pipeline
2025-07-17 17:01:29,200 [INFO] Query executed successfully - 2 documents returned
2025-07-17 17:01:29,205 [INFO] Generating adaptive conversational response
2025-07-17 17:01:30,793 [INFO] HTTP Request: POST https://slideoo-editor-chatbot.openai.azure.com/openai/deployments/slideoo-chat-1/chat/completions?api-version=2024-02-01 "HTTP/1.1 200 OK"
2025-07-17 17:01:30,795 [INFO] Generated detailed response for 2 results
2025-07-17 17:01:30,796 [INFO] Cleaning up resources
2025-07-17 17:01:30,799 [INFO] MongoDB connection closed
2025-07-17 17:01:30,801 [ERROR] Error in NoSQL LangGraph execution: Type is not msgpack serializable: MongoClient
2025-07-17 17:01:30,811 [INFO] Initializing MongoDB connection
2025-07-17 17:01:30,825 [INFO] MongoDB connection successful - 7 documents in NL2SQL
2025-07-17 17:01:30,827 [INFO] Creating optimized query generation prompt
2025-07-17 17:01:30,828 [INFO] Query prompt template created successfully
2025-07-17 17:01:30,829 [INFO] Generating MongoDB aggregation pipeline
2025-07-17 17:01:31,044 [INFO] HTTP Request: POST https://slideoo-editor-chatbot.openai.azure.com/openai/deployments/Text-Analytics/embeddings?api-version=2024-02-01 "HTTP/1.1 200 OK"
2025-07-17 17:01:31,050 [WARNING] Embedding selection failed: Expected metadata value to be a str, int, float, bool, or None, got [{'$count': 'total_documents'}] which is a list in upsert.

Try filtering complex metadata from the document using langchain_community.vectorstores.utils.filter_complex_metadata.
2025-07-17 17:01:31,830 [INFO] HTTP Request: POST https://slideoo-editor-chatbot.openai.azure.com/openai/deployments/slideoo-chat-1/chat/completions?api-version=2024-02-01 "HTTP/1.1 200 OK"
2025-07-17 17:01:31,833 [INFO] Generated 3 stage pipeline
2025-07-17 17:01:31,834 [INFO] Executing MongoDB aggregation pipeline
2025-07-17 17:01:31,845 [INFO] Query executed successfully - 6 documents returned
2025-07-17 17:01:31,846 [INFO] Generating adaptive conversational response
2025-07-17 17:08:45,696 [INFO] Initializing MongoDB connection
2025-07-17 17:08:45,737 [INFO] MongoDB connection successful - 7 documents in NL2SQL
2025-07-17 17:08:45,739 [INFO] Creating optimized query generation prompt
2025-07-17 17:08:45,740 [INFO] Query prompt template created successfully
2025-07-17 17:08:45,742 [INFO] Generating MongoDB aggregation pipeline
2025-07-17 17:08:46,614 [INFO] Anonymized telemetry enabled. See                     https://docs.trychroma.com/telemetry for more information.
2025-07-17 17:08:47,821 [INFO] HTTP Request: POST https://slideoo-editor-chatbot.openai.azure.com/openai/deployments/Text-Analytics/embeddings?api-version=2024-02-01 "HTTP/1.1 200 OK"
2025-07-17 17:08:48,216 [INFO] HTTP Request: POST https://slideoo-editor-chatbot.openai.azure.com/openai/deployments/Text-Analytics/embeddings?api-version=2024-02-01 "HTTP/1.1 200 OK"
2025-07-17 17:08:49,144 [INFO] HTTP Request: POST https://slideoo-editor-chatbot.openai.azure.com/openai/deployments/slideoo-chat-1/chat/completions?api-version=2024-02-01 "HTTP/1.1 200 OK"
2025-07-17 17:08:49,159 [INFO] Generated 1 stage pipeline
2025-07-17 17:08:49,161 [INFO] Executing MongoDB aggregation pipeline
2025-07-17 17:08:49,203 [INFO] Query executed successfully - 1 documents returned
2025-07-17 17:08:49,206 [INFO] Generating adaptive conversational response
2025-07-17 17:08:51,346 [INFO] HTTP Request: POST https://slideoo-editor-chatbot.openai.azure.com/openai/deployments/slideoo-chat-1/chat/completions?api-version=2024-02-01 "HTTP/1.1 200 OK"
2025-07-17 17:08:51,351 [INFO] Generated detailed response for 1 results
2025-07-17 17:08:51,352 [INFO] Cleaning up resources
2025-07-17 17:08:52,366 [INFO] Initializing MongoDB connection
2025-07-17 17:08:52,378 [INFO] MongoDB connection successful - 7 documents in NL2SQL
2025-07-17 17:08:52,380 [INFO] Creating optimized query generation prompt
2025-07-17 17:08:52,380 [INFO] Query prompt template created successfully
2025-07-17 17:08:52,382 [INFO] Generating MongoDB aggregation pipeline
2025-07-17 17:08:52,574 [INFO] HTTP Request: POST https://slideoo-editor-chatbot.openai.azure.com/openai/deployments/Text-Analytics/embeddings?api-version=2024-02-01 "HTTP/1.1 200 OK"
2025-07-17 17:08:52,738 [INFO] HTTP Request: POST https://slideoo-editor-chatbot.openai.azure.com/openai/deployments/Text-Analytics/embeddings?api-version=2024-02-01 "HTTP/1.1 200 OK"
2025-07-17 17:08:53,531 [INFO] HTTP Request: POST https://slideoo-editor-chatbot.openai.azure.com/openai/deployments/slideoo-chat-1/chat/completions?api-version=2024-02-01 "HTTP/1.1 200 OK"
2025-07-17 17:08:53,533 [INFO] Generated 3 stage pipeline
2025-07-17 17:08:53,535 [INFO] Executing MongoDB aggregation pipeline
2025-07-17 17:08:53,563 [INFO] Query executed successfully - 6 documents returned
2025-07-17 17:08:53,566 [INFO] Generating adaptive conversational response
2025-07-17 17:08:54,968 [INFO] HTTP Request: POST https://slideoo-editor-chatbot.openai.azure.com/openai/deployments/slideoo-chat-1/chat/completions?api-version=2024-02-01 "HTTP/1.1 200 OK"
2025-07-17 17:08:54,972 [INFO] Generated summary response for 6 results
2025-07-17 17:08:54,974 [INFO] Cleaning up resources
2025-07-17 17:08:55,989 [INFO] Initializing MongoDB connection
2025-07-17 17:08:56,004 [INFO] MongoDB connection successful - 7 documents in NL2SQL
2025-07-17 17:08:56,007 [INFO] Creating optimized query generation prompt
2025-07-17 17:08:56,009 [INFO] Query prompt template created successfully
2025-07-17 17:08:56,011 [INFO] Generating MongoDB aggregation pipeline
2025-07-17 17:08:56,208 [INFO] HTTP Request: POST https://slideoo-editor-chatbot.openai.azure.com/openai/deployments/Text-Analytics/embeddings?api-version=2024-02-01 "HTTP/1.1 200 OK"
2025-07-17 17:08:56,363 [INFO] HTTP Request: POST https://slideoo-editor-chatbot.openai.azure.com/openai/deployments/Text-Analytics/embeddings?api-version=2024-02-01 "HTTP/1.1 200 OK"
2025-07-17 17:08:57,098 [INFO] HTTP Request: POST https://slideoo-editor-chatbot.openai.azure.com/openai/deployments/slideoo-chat-1/chat/completions?api-version=2024-02-01 "HTTP/1.1 200 OK"
2025-07-17 17:08:57,100 [INFO] Generated 3 stage pipeline
2025-07-17 17:08:57,102 [INFO] Executing MongoDB aggregation pipeline
2025-07-17 17:08:57,125 [INFO] Query executed successfully - 1 documents returned
2025-07-17 17:08:57,129 [INFO] Generating adaptive conversational response
2025-07-17 17:08:58,926 [INFO] HTTP Request: POST https://slideoo-editor-chatbot.openai.azure.com/openai/deployments/slideoo-chat-1/chat/completions?api-version=2024-02-01 "HTTP/1.1 200 OK"
2025-07-17 17:08:58,928 [INFO] Generated detailed response for 1 results
2025-07-17 17:08:58,930 [INFO] Cleaning up resources
2025-07-17 17:08:59,945 [INFO] Initializing MongoDB connection
2025-07-17 17:08:59,996 [INFO] MongoDB connection successful - 7 documents in NL2SQL
2025-07-17 17:08:59,997 [INFO] Creating optimized query generation prompt
2025-07-17 17:08:59,998 [INFO] Query prompt template created successfully
2025-07-17 17:09:00,000 [INFO] Generating MongoDB aggregation pipeline
2025-07-17 17:09:00,201 [INFO] HTTP Request: POST https://slideoo-editor-chatbot.openai.azure.com/openai/deployments/Text-Analytics/embeddings?api-version=2024-02-01 "HTTP/1.1 200 OK"
2025-07-17 17:09:00,354 [INFO] HTTP Request: POST https://slideoo-editor-chatbot.openai.azure.com/openai/deployments/Text-Analytics/embeddings?api-version=2024-02-01 "HTTP/1.1 200 OK"
2025-07-17 17:09:01,046 [INFO] HTTP Request: POST https://slideoo-editor-chatbot.openai.azure.com/openai/deployments/slideoo-chat-1/chat/completions?api-version=2024-02-01 "HTTP/1.1 200 OK"
2025-07-17 17:09:01,048 [INFO] Generated 2 stage pipeline
2025-07-17 17:09:01,050 [INFO] Executing MongoDB aggregation pipeline
2025-07-17 17:09:01,068 [INFO] Query executed successfully - 2 documents returned
2025-07-17 17:09:01,071 [INFO] Generating adaptive conversational response
2025-07-17 17:09:02,699 [INFO] HTTP Request: POST https://slideoo-editor-chatbot.openai.azure.com/openai/deployments/slideoo-chat-1/chat/completions?api-version=2024-02-01 "HTTP/1.1 200 OK"
2025-07-17 17:09:02,702 [INFO] Generated detailed response for 2 results
2025-07-17 17:09:02,703 [INFO] Cleaning up resources
2025-07-17 17:09:03,718 [INFO] Initializing MongoDB connection
2025-07-17 17:09:03,740 [INFO] MongoDB connection successful - 7 documents in NL2SQL
2025-07-17 17:09:03,742 [INFO] Creating optimized query generation prompt
2025-07-17 17:09:03,743 [INFO] Query prompt template created successfully
2025-07-17 17:09:03,745 [INFO] Generating MongoDB aggregation pipeline
2025-07-17 17:09:03,941 [INFO] HTTP Request: POST https://slideoo-editor-chatbot.openai.azure.com/openai/deployments/Text-Analytics/embeddings?api-version=2024-02-01 "HTTP/1.1 200 OK"
2025-07-17 17:09:04,105 [INFO] HTTP Request: POST https://slideoo-editor-chatbot.openai.azure.com/openai/deployments/Text-Analytics/embeddings?api-version=2024-02-01 "HTTP/1.1 200 OK"
2025-07-17 17:09:05,548 [INFO] HTTP Request: POST https://slideoo-editor-chatbot.openai.azure.com/openai/deployments/slideoo-chat-1/chat/completions?api-version=2024-02-01 "HTTP/1.1 200 OK"
2025-07-17 17:09:05,551 [INFO] Generated 3 stage pipeline
2025-07-17 17:09:05,553 [INFO] Executing MongoDB aggregation pipeline
2025-07-17 17:09:05,582 [INFO] Query executed successfully - 0 documents returned
2025-07-17 17:09:05,585 [INFO] Generating adaptive conversational response
2025-07-17 17:09:05,586 [INFO] Generated no_results response for 0 results
2025-07-17 17:09:05,588 [INFO] Cleaning up resources
2025-07-17 17:09:06,606 [INFO] Initializing MongoDB connection
2025-07-17 17:09:06,625 [INFO] MongoDB connection successful - 7 documents in NL2SQL
2025-07-17 17:09:06,628 [INFO] Creating optimized query generation prompt
2025-07-17 17:09:06,629 [INFO] Query prompt template created successfully
2025-07-17 17:09:06,631 [INFO] Generating MongoDB aggregation pipeline
2025-07-17 17:09:06,837 [INFO] HTTP Request: POST https://slideoo-editor-chatbot.openai.azure.com/openai/deployments/Text-Analytics/embeddings?api-version=2024-02-01 "HTTP/1.1 200 OK"
2025-07-17 17:09:06,992 [INFO] HTTP Request: POST https://slideoo-editor-chatbot.openai.azure.com/openai/deployments/Text-Analytics/embeddings?api-version=2024-02-01 "HTTP/1.1 200 OK"
2025-07-17 17:09:07,372 [INFO] HTTP Request: POST https://slideoo-editor-chatbot.openai.azure.com/openai/deployments/slideoo-chat-1/chat/completions?api-version=2024-02-01 "HTTP/1.1 200 OK"
2025-07-17 17:09:07,375 [INFO] Generated 1 stage pipeline
2025-07-17 17:09:07,377 [INFO] Executing MongoDB aggregation pipeline
2025-07-17 17:09:07,395 [INFO] Query executed successfully - 1 documents returned
2025-07-17 17:09:07,398 [INFO] Generating adaptive conversational response
2025-07-17 17:09:09,037 [INFO] HTTP Request: POST https://slideoo-editor-chatbot.openai.azure.com/openai/deployments/slideoo-chat-1/chat/completions?api-version=2024-02-01 "HTTP/1.1 200 OK"
2025-07-17 17:09:09,039 [INFO] Generated detailed response for 1 results
2025-07-17 17:09:09,041 [INFO] Cleaning up resources
2025-07-17 17:09:09,048 [INFO] Initializing MongoDB connection
2025-07-17 17:09:09,077 [INFO] MongoDB connection successful - 7 documents in NL2SQL
2025-07-17 17:09:09,078 [INFO] Creating optimized query generation prompt
2025-07-17 17:09:09,079 [INFO] Query prompt template created successfully
2025-07-17 17:09:09,080 [INFO] Generating MongoDB aggregation pipeline
2025-07-17 17:09:09,292 [INFO] HTTP Request: POST https://slideoo-editor-chatbot.openai.azure.com/openai/deployments/Text-Analytics/embeddings?api-version=2024-02-01 "HTTP/1.1 200 OK"
2025-07-17 17:09:09,451 [INFO] HTTP Request: POST https://slideoo-editor-chatbot.openai.azure.com/openai/deployments/Text-Analytics/embeddings?api-version=2024-02-01 "HTTP/1.1 200 OK"
2025-07-17 17:09:09,896 [INFO] HTTP Request: POST https://slideoo-editor-chatbot.openai.azure.com/openai/deployments/slideoo-chat-1/chat/completions?api-version=2024-02-01 "HTTP/1.1 200 OK"
2025-07-17 17:09:09,900 [INFO] Generated 2 stage pipeline
2025-07-17 17:09:09,902 [INFO] Executing MongoDB aggregation pipeline
2025-07-17 17:09:09,921 [INFO] Query executed successfully - 6 documents returned
2025-07-17 17:09:09,925 [INFO] Generating adaptive conversational response
2025-07-17 17:09:10,189 [INFO] HTTP Request: POST https://slideoo-editor-chatbot.openai.azure.com/openai/deployments/slideoo-chat-1/chat/completions?api-version=2024-02-01 "HTTP/1.1 400 model_error"
2025-07-17 17:09:10,191 [ERROR] Summary response generation failed: Error code: 400 - {'error': {'message': "This model's maximum context length is 16385 tokens. However, your messages resulted in 17903 tokens. Please reduce the length of the messages.", 'type': 'invalid_request_error', 'param': 'messages', 'code': 'context_length_exceeded'}}
2025-07-17 17:09:10,192 [INFO] Generated summary response for 6 results
2025-07-17 17:09:10,194 [INFO] Cleaning up resources
2025-07-17 17:09:10,201 [INFO] Initializing MongoDB connection
2025-07-17 17:09:10,229 [INFO] MongoDB connection successful - 7 documents in NL2SQL
2025-07-17 17:09:10,231 [INFO] Creating optimized query generation prompt
2025-07-17 17:09:10,232 [INFO] Query prompt template created successfully
2025-07-17 17:09:10,233 [INFO] Generating MongoDB aggregation pipeline
2025-07-17 17:09:10,421 [INFO] HTTP Request: POST https://slideoo-editor-chatbot.openai.azure.com/openai/deployments/Text-Analytics/embeddings?api-version=2024-02-01 "HTTP/1.1 200 OK"
2025-07-17 17:09:10,573 [INFO] HTTP Request: POST https://slideoo-editor-chatbot.openai.azure.com/openai/deployments/Text-Analytics/embeddings?api-version=2024-02-01 "HTTP/1.1 200 OK"
2025-07-17 17:09:11,504 [INFO] HTTP Request: POST https://slideoo-editor-chatbot.openai.azure.com/openai/deployments/slideoo-chat-1/chat/completions?api-version=2024-02-01 "HTTP/1.1 200 OK"
2025-07-17 17:09:11,507 [INFO] Generated 4 stage pipeline
2025-07-17 17:09:11,509 [INFO] Executing MongoDB aggregation pipeline
2025-07-17 17:09:11,532 [INFO] Query executed successfully - 6 documents returned
2025-07-17 17:09:11,536 [INFO] Generating adaptive conversational response
2025-07-17 17:09:12,850 [INFO] HTTP Request: POST https://slideoo-editor-chatbot.openai.azure.com/openai/deployments/slideoo-chat-1/chat/completions?api-version=2024-02-01 "HTTP/1.1 200 OK"
2025-07-17 17:09:12,853 [INFO] Generated summary response for 6 results
2025-07-17 17:09:12,854 [INFO] Cleaning up resources
2025-07-17 17:09:12,866 [INFO] Initializing MongoDB connection
2025-07-17 17:09:12,905 [INFO] MongoDB connection successful - 7 documents in NL2SQL
2025-07-17 17:09:12,908 [INFO] Creating optimized query generation prompt
2025-07-17 17:09:12,909 [INFO] Query prompt template created successfully
2025-07-17 17:09:12,911 [INFO] Generating MongoDB aggregation pipeline
2025-07-17 17:09:13,111 [INFO] HTTP Request: POST https://slideoo-editor-chatbot.openai.azure.com/openai/deployments/Text-Analytics/embeddings?api-version=2024-02-01 "HTTP/1.1 200 OK"
2025-07-17 17:09:13,272 [INFO] HTTP Request: POST https://slideoo-editor-chatbot.openai.azure.com/openai/deployments/Text-Analytics/embeddings?api-version=2024-02-01 "HTTP/1.1 200 OK"
2025-07-17 17:09:13,703 [INFO] HTTP Request: POST https://slideoo-editor-chatbot.openai.azure.com/openai/deployments/slideoo-chat-1/chat/completions?api-version=2024-02-01 "HTTP/1.1 200 OK"
2025-07-17 17:09:13,705 [INFO] Generated 2 stage pipeline
2025-07-17 17:09:13,708 [INFO] Executing MongoDB aggregation pipeline
2025-07-17 17:09:13,747 [INFO] Query executed successfully - 0 documents returned
2025-07-17 17:09:13,750 [INFO] Generating adaptive conversational response
2025-07-17 17:09:13,751 [INFO] Generated no_results response for 0 results
2025-07-17 17:09:13,753 [INFO] Cleaning up resources
2025-07-17 17:09:13,768 [INFO] Initializing MongoDB connection
2025-07-17 17:09:13,786 [INFO] MongoDB connection successful - 7 documents in NL2SQL
2025-07-17 17:09:13,788 [INFO] Creating optimized query generation prompt
2025-07-17 17:09:13,790 [INFO] Query prompt template created successfully
2025-07-17 17:09:13,792 [INFO] Generating MongoDB aggregation pipeline
2025-07-17 17:09:13,987 [INFO] HTTP Request: POST https://slideoo-editor-chatbot.openai.azure.com/openai/deployments/Text-Analytics/embeddings?api-version=2024-02-01 "HTTP/1.1 200 OK"
2025-07-17 17:09:14,147 [INFO] HTTP Request: POST https://slideoo-editor-chatbot.openai.azure.com/openai/deployments/Text-Analytics/embeddings?api-version=2024-02-01 "HTTP/1.1 200 OK"
2025-07-17 17:09:14,580 [INFO] HTTP Request: POST https://slideoo-editor-chatbot.openai.azure.com/openai/deployments/slideoo-chat-1/chat/completions?api-version=2024-02-01 "HTTP/1.1 200 OK"
2025-07-17 17:09:14,583 [INFO] Generated 2 stage pipeline
2025-07-17 17:09:14,585 [INFO] Executing MongoDB aggregation pipeline
2025-07-17 17:09:14,614 [INFO] Query executed successfully - 0 documents returned
2025-07-17 17:09:14,617 [INFO] Generating adaptive conversational response
2025-07-17 17:09:14,618 [INFO] Generated no_results response for 0 results
2025-07-17 17:09:14,619 [INFO] Cleaning up resources
2025-07-17 17:09:14,633 [INFO] Initializing MongoDB connection
2025-07-17 17:09:14,679 [INFO] MongoDB connection successful - 7 documents in NL2SQL
2025-07-17 17:09:14,681 [INFO] Creating optimized query generation prompt
2025-07-17 17:09:14,682 [INFO] Query prompt template created successfully
2025-07-17 17:09:14,684 [INFO] Generating MongoDB aggregation pipeline
2025-07-17 17:09:14,889 [INFO] HTTP Request: POST https://slideoo-editor-chatbot.openai.azure.com/openai/deployments/Text-Analytics/embeddings?api-version=2024-02-01 "HTTP/1.1 200 OK"
2025-07-17 17:09:15,060 [INFO] HTTP Request: POST https://slideoo-editor-chatbot.openai.azure.com/openai/deployments/Text-Analytics/embeddings?api-version=2024-02-01 "HTTP/1.1 200 OK"
2025-07-17 17:09:15,526 [INFO] HTTP Request: POST https://slideoo-editor-chatbot.openai.azure.com/openai/deployments/slideoo-chat-1/chat/completions?api-version=2024-02-01 "HTTP/1.1 200 OK"
2025-07-17 17:09:15,530 [INFO] Generated 1 stage pipeline
2025-07-17 17:09:15,532 [INFO] Executing MongoDB aggregation pipeline
2025-07-17 17:09:15,567 [INFO] Query executed successfully - 1 documents returned
2025-07-17 17:09:15,571 [INFO] Generating adaptive conversational response
2025-07-17 17:09:17,070 [INFO] HTTP Request: POST https://slideoo-editor-chatbot.openai.azure.com/openai/deployments/slideoo-chat-1/chat/completions?api-version=2024-02-01 "HTTP/1.1 200 OK"
2025-07-17 17:09:17,074 [INFO] Generated detailed response for 1 results
2025-07-17 17:09:17,076 [INFO] Cleaning up resources
2025-07-17 17:09:17,091 [INFO] Initializing MongoDB connection
2025-07-17 17:09:17,130 [INFO] MongoDB connection successful - 7 documents in NL2SQL
2025-07-17 17:09:17,132 [INFO] Creating optimized query generation prompt
2025-07-17 17:09:17,133 [INFO] Query prompt template created successfully
2025-07-17 17:09:17,134 [INFO] Generating MongoDB aggregation pipeline
2025-07-17 17:09:17,333 [INFO] HTTP Request: POST https://slideoo-editor-chatbot.openai.azure.com/openai/deployments/Text-Analytics/embeddings?api-version=2024-02-01 "HTTP/1.1 200 OK"
2025-07-17 17:09:17,492 [INFO] HTTP Request: POST https://slideoo-editor-chatbot.openai.azure.com/openai/deployments/Text-Analytics/embeddings?api-version=2024-02-01 "HTTP/1.1 200 OK"
2025-07-17 17:09:17,864 [INFO] HTTP Request: POST https://slideoo-editor-chatbot.openai.azure.com/openai/deployments/slideoo-chat-1/chat/completions?api-version=2024-02-01 "HTTP/1.1 200 OK"
2025-07-17 17:09:17,868 [INFO] Generated 1 stage pipeline
2025-07-17 17:09:17,870 [INFO] Executing MongoDB aggregation pipeline
2025-07-17 17:09:17,917 [INFO] Query executed successfully - 1 documents returned
2025-07-17 17:09:17,920 [INFO] Generating adaptive conversational response
2025-07-17 17:09:19,576 [INFO] HTTP Request: POST https://slideoo-editor-chatbot.openai.azure.com/openai/deployments/slideoo-chat-1/chat/completions?api-version=2024-02-01 "HTTP/1.1 200 OK"
2025-07-17 17:09:19,578 [INFO] Generated detailed response for 1 results
2025-07-17 17:09:19,580 [INFO] Cleaning up resources
2025-07-17 17:09:19,594 [INFO] Initializing MongoDB connection
2025-07-17 17:09:19,614 [INFO] MongoDB connection successful - 7 documents in NL2SQL
2025-07-17 17:09:19,616 [INFO] Creating optimized query generation prompt
2025-07-17 17:09:19,617 [INFO] Query prompt template created successfully
2025-07-17 17:09:19,620 [INFO] Generating MongoDB aggregation pipeline
2025-07-17 17:09:19,827 [INFO] HTTP Request: POST https://slideoo-editor-chatbot.openai.azure.com/openai/deployments/Text-Analytics/embeddings?api-version=2024-02-01 "HTTP/1.1 200 OK"
2025-07-17 17:09:19,999 [INFO] HTTP Request: POST https://slideoo-editor-chatbot.openai.azure.com/openai/deployments/Text-Analytics/embeddings?api-version=2024-02-01 "HTTP/1.1 200 OK"
2025-07-17 17:09:20,479 [INFO] HTTP Request: POST https://slideoo-editor-chatbot.openai.azure.com/openai/deployments/slideoo-chat-1/chat/completions?api-version=2024-02-01 "HTTP/1.1 200 OK"
2025-07-17 17:09:20,481 [INFO] Generated 1 stage pipeline
2025-07-17 17:09:20,482 [INFO] Executing MongoDB aggregation pipeline
2025-07-17 17:09:20,511 [INFO] Query executed successfully - 1 documents returned
2025-07-17 17:09:20,513 [INFO] Generating adaptive conversational response
2025-07-17 17:09:22,065 [INFO] HTTP Request: POST https://slideoo-editor-chatbot.openai.azure.com/openai/deployments/slideoo-chat-1/chat/completions?api-version=2024-02-01 "HTTP/1.1 200 OK"
2025-07-17 17:09:22,069 [INFO] Generated detailed response for 1 results
2025-07-17 17:09:22,070 [INFO] Cleaning up resources
2025-07-17 17:09:22,085 [INFO] Initializing MongoDB connection
2025-07-17 17:09:22,137 [INFO] MongoDB connection successful - 7 documents in NL2SQL
2025-07-17 17:09:22,140 [INFO] Creating optimized query generation prompt
2025-07-17 17:09:22,142 [INFO] Query prompt template created successfully
2025-07-17 17:09:22,143 [INFO] Generating MongoDB aggregation pipeline
2025-07-17 17:09:22,361 [INFO] HTTP Request: POST https://slideoo-editor-chatbot.openai.azure.com/openai/deployments/Text-Analytics/embeddings?api-version=2024-02-01 "HTTP/1.1 200 OK"
2025-07-17 17:09:22,519 [INFO] HTTP Request: POST https://slideoo-editor-chatbot.openai.azure.com/openai/deployments/Text-Analytics/embeddings?api-version=2024-02-01 "HTTP/1.1 200 OK"
2025-07-17 17:09:23,175 [INFO] HTTP Request: POST https://slideoo-editor-chatbot.openai.azure.com/openai/deployments/slideoo-chat-1/chat/completions?api-version=2024-02-01 "HTTP/1.1 200 OK"
2025-07-17 17:09:23,177 [INFO] Generated 2 stage pipeline
2025-07-17 17:09:23,178 [INFO] Executing MongoDB aggregation pipeline
2025-07-17 17:09:23,217 [INFO] Query executed successfully - 2 documents returned
2025-07-17 17:09:23,221 [INFO] Generating adaptive conversational response
2025-07-17 17:09:25,046 [INFO] HTTP Request: POST https://slideoo-editor-chatbot.openai.azure.com/openai/deployments/slideoo-chat-1/chat/completions?api-version=2024-02-01 "HTTP/1.1 200 OK"
2025-07-17 17:09:25,049 [INFO] Generated detailed response for 2 results
2025-07-17 17:09:25,051 [INFO] Cleaning up resources
2025-07-17 17:09:25,065 [INFO] Initializing MongoDB connection
2025-07-17 17:09:25,097 [INFO] MongoDB connection successful - 7 documents in NL2SQL
2025-07-17 17:09:25,099 [INFO] Creating optimized query generation prompt
2025-07-17 17:09:25,101 [INFO] Query prompt template created successfully
2025-07-17 17:09:25,102 [INFO] Generating MongoDB aggregation pipeline
2025-07-17 17:09:25,293 [INFO] HTTP Request: POST https://slideoo-editor-chatbot.openai.azure.com/openai/deployments/Text-Analytics/embeddings?api-version=2024-02-01 "HTTP/1.1 200 OK"
2025-07-17 17:09:25,458 [INFO] HTTP Request: POST https://slideoo-editor-chatbot.openai.azure.com/openai/deployments/Text-Analytics/embeddings?api-version=2024-02-01 "HTTP/1.1 200 OK"
2025-07-17 17:09:26,218 [INFO] HTTP Request: POST https://slideoo-editor-chatbot.openai.azure.com/openai/deployments/slideoo-chat-1/chat/completions?api-version=2024-02-01 "HTTP/1.1 200 OK"
2025-07-17 17:09:26,220 [INFO] Generated 3 stage pipeline
2025-07-17 17:09:26,223 [INFO] Executing MongoDB aggregation pipeline
2025-07-17 17:09:26,269 [INFO] Query executed successfully - 6 documents returned
2025-07-17 17:09:26,273 [INFO] Generating adaptive conversational response
2025-07-17 17:09:27,748 [INFO] HTTP Request: POST https://slideoo-editor-chatbot.openai.azure.com/openai/deployments/slideoo-chat-1/chat/completions?api-version=2024-02-01 "HTTP/1.1 200 OK"
2025-07-17 17:09:27,751 [INFO] Generated summary response for 6 results
2025-07-17 17:09:27,752 [INFO] Cleaning up resources
2025-07-17 18:24:02,443 [INFO] 5 changes detected
2025-07-17 18:24:25,428 [INFO] 1 change detected
2025-07-17 18:24:25,783 [INFO] 1 change detected
2025-07-17 18:25:00,779 [INFO] 1 change detected
2025-07-17 18:25:33,502 [INFO] Starting schema analysis for collection: NL2SQL
2025-07-17 18:25:33,842 [INFO] Document structure analysis completed
2025-07-17 18:25:35,566 [INFO] HTTP Request: POST https://slideoo-editor-chatbot.openai.azure.com/openai/deployments/slideoo-chat-1/chat/completions?api-version=2024-02-01 "HTTP/1.1 200 OK"
2025-07-17 18:25:35,577 [INFO] Schema description generated
2025-07-17 18:25:38,148 [INFO] HTTP Request: POST https://slideoo-editor-chatbot.openai.azure.com/openai/deployments/slideoo-chat-1/chat/completions?api-version=2024-02-01 "HTTP/1.1 200 OK"
2025-07-17 18:25:38,151 [ERROR] Error generating few-shot examples: Expecting ',' delimiter: line 3 column 102 (char 109)
2025-07-17 18:25:38,151 [INFO] Generated 3 few-shot examples
2025-07-17 18:25:38,428 [INFO] 1 change detected
2025-07-17 18:25:48,478 [INFO] 1 change detected
2025-07-17 18:26:22,152 [INFO] 1 change detected
2025-07-17 18:26:28,666 [INFO] 1 change detected
2025-07-17 18:27:30,829 [ERROR] Error in query execution: 'NoSQLState' object is not subscriptable
2025-07-17 18:27:42,102 [INFO] 1 change detected
2025-07-17 18:27:45,830 [INFO] 1 change detected
2025-07-17 18:28:03,667 [INFO] 4 changes detected
2025-07-17 18:28:04,941 [INFO] 2 changes detected
2025-07-17 18:28:05,402 [INFO] 1 change detected
2025-07-17 18:28:05,886 [INFO] 5 changes detected
2025-07-17 18:28:06,904 [INFO] 1 change detected
2025-07-17 18:28:09,654 [INFO] 1 change detected
2025-07-17 18:28:12,233 [INFO] 1 change detected
2025-07-17 18:28:14,175 [INFO] 1 change detected
2025-07-17 18:28:14,182 [INFO] Executing query: how many objects have a python content
2025-07-17 18:28:17,310 [INFO] Initializing MongoDB connection
2025-07-17 18:28:17,365 [INFO] MongoDB connection successful - 7 documents in NL2SQL
2025-07-17 18:28:17,367 [INFO] Creating optimized query generation prompt
2025-07-17 18:28:17,368 [INFO] Query prompt template created successfully
2025-07-17 18:28:17,370 [INFO] Generating MongoDB aggregation pipeline
2025-07-17 18:28:18,470 [INFO] Anonymized telemetry enabled. See                     https://docs.trychroma.com/telemetry for more information.
2025-07-17 18:28:19,485 [INFO] HTTP Request: POST https://slideoo-editor-chatbot.openai.azure.com/openai/deployments/Text-Analytics/embeddings?api-version=2024-02-01 "HTTP/1.1 200 OK"
2025-07-17 18:28:19,758 [INFO] HTTP Request: POST https://slideoo-editor-chatbot.openai.azure.com/openai/deployments/Text-Analytics/embeddings?api-version=2024-02-01 "HTTP/1.1 200 OK"
2025-07-17 18:28:20,899 [INFO] HTTP Request: POST https://slideoo-editor-chatbot.openai.azure.com/openai/deployments/slideoo-chat-1/chat/completions?api-version=2024-02-01 "HTTP/1.1 200 OK"
2025-07-17 18:28:20,912 [INFO] Generated 2 stage pipeline
2025-07-17 18:28:20,915 [INFO] Executing MongoDB aggregation pipeline
2025-07-17 18:28:20,965 [INFO] Query executed successfully - 1 documents returned
2025-07-17 18:28:20,969 [INFO] Generating adaptive conversational response
2025-07-17 18:28:23,128 [INFO] HTTP Request: POST https://slideoo-editor-chatbot.openai.azure.com/openai/deployments/slideoo-chat-1/chat/completions?api-version=2024-02-01 "HTTP/1.1 200 OK"
2025-07-17 18:28:23,132 [INFO] Generated detailed response for 1 results
2025-07-17 18:28:23,135 [INFO] Query executed successfully, returned 1 results
2025-07-17 18:28:23,138 [ERROR] Error in query execution: 1 validation error for QueryExecutionResult
error
  Field required [type=missing, input_value={'success': True, 'questi...documents_returned': 1}}, input_type=dict]
    For further information visit https://errors.pydantic.dev/2.11/v/missing
2025-07-17 18:28:50,994 [INFO] 1 change detected
2025-07-17 18:29:12,788 [INFO] 1 change detected
2025-07-17 18:30:44,602 [INFO] 4 changes detected
2025-07-17 18:30:46,120 [INFO] 2 changes detected
2025-07-17 18:30:46,688 [INFO] 5 changes detected
2025-07-17 18:30:47,306 [INFO] 1 change detected
2025-07-17 18:30:50,818 [INFO] 1 change detected
2025-07-17 18:30:51,732 [INFO] 1 change detected
2025-07-17 18:30:53,612 [INFO] 1 change detected
2025-07-17 18:30:53,669 [INFO] Executing query: how many objects have a python content
2025-07-17 18:30:57,227 [INFO] Initializing MongoDB connection
2025-07-17 18:30:57,274 [INFO] MongoDB connection successful - 7 documents in NL2SQL
2025-07-17 18:30:57,277 [INFO] Creating optimized query generation prompt
2025-07-17 18:30:57,278 [INFO] Query prompt template created successfully
2025-07-17 18:30:57,280 [INFO] Generating MongoDB aggregation pipeline
2025-07-17 18:30:58,198 [INFO] Anonymized telemetry enabled. See                     https://docs.trychroma.com/telemetry for more information.
2025-07-17 18:30:59,123 [INFO] HTTP Request: POST https://slideoo-editor-chatbot.openai.azure.com/openai/deployments/Text-Analytics/embeddings?api-version=2024-02-01 "HTTP/1.1 200 OK"
2025-07-17 18:30:59,382 [INFO] HTTP Request: POST https://slideoo-editor-chatbot.openai.azure.com/openai/deployments/Text-Analytics/embeddings?api-version=2024-02-01 "HTTP/1.1 200 OK"
2025-07-17 18:31:00,499 [INFO] HTTP Request: POST https://slideoo-editor-chatbot.openai.azure.com/openai/deployments/slideoo-chat-1/chat/completions?api-version=2024-02-01 "HTTP/1.1 200 OK"
2025-07-17 18:31:00,515 [INFO] Generated 2 stage pipeline
2025-07-17 18:31:00,518 [INFO] Executing MongoDB aggregation pipeline
2025-07-17 18:31:00,538 [INFO] Query executed successfully - 1 documents returned
2025-07-17 18:31:00,540 [INFO] Generating adaptive conversational response
2025-07-17 18:31:02,258 [INFO] HTTP Request: POST https://slideoo-editor-chatbot.openai.azure.com/openai/deployments/slideoo-chat-1/chat/completions?api-version=2024-02-01 "HTTP/1.1 200 OK"
2025-07-17 18:31:02,260 [INFO] Generated detailed response for 1 results
2025-07-17 18:31:02,263 [INFO] Query executed successfully, returned 1 results
2025-07-17 18:31:02,264 [ERROR] Error in query execution: 1 validation error for QueryExecutionResult
error
  Field required [type=missing, input_value={'success': True, 'questi...documents_returned': 1}}, input_type=dict]
    For further information visit https://errors.pydantic.dev/2.11/v/missing
2025-07-17 18:33:11,303 [INFO] 4 changes detected
2025-07-17 18:33:12,976 [INFO] 2 changes detected
2025-07-17 18:33:14,406 [INFO] 1 change detected
2025-07-17 18:33:19,686 [INFO] 6 changes detected
2025-07-17 18:33:21,526 [INFO] 1 change detected
2025-07-17 18:33:21,936 [INFO] 1 change detected
2025-07-17 18:33:29,990 [INFO] 8 changes detected
2025-07-17 18:33:31,229 [INFO] 2 changes detected
2025-07-17 18:33:31,747 [INFO] 5 changes detected
2025-07-17 18:33:32,368 [INFO] 1 change detected
2025-07-17 18:33:36,652 [INFO] 6 changes detected
2025-07-17 18:33:38,490 [INFO] 1 change detected
2025-07-17 18:33:49,450 [INFO] 1 change detected
2025-07-17 18:34:13,127 [INFO] 1 change detected
2025-07-17 18:34:44,072 [INFO] 4 changes detected
2025-07-17 18:34:45,528 [INFO] 1 change detected
2025-07-17 18:34:46,863 [INFO] 1 change detected
2025-07-17 18:34:51,193 [INFO] 6 changes detected
2025-07-17 18:34:52,822 [INFO] 1 change detected
2025-07-17 18:35:02,975 [INFO] 1 change detected
2025-07-17 18:35:16,082 [INFO] 1 change detected
2025-07-17 18:35:47,506 [INFO] 1 change detected
2025-07-17 18:36:26,201 [INFO] 4 changes detected
2025-07-17 18:36:27,725 [INFO] 1 change detected
2025-07-17 18:36:29,462 [INFO] 1 change detected
2025-07-17 18:36:34,766 [INFO] 6 changes detected
2025-07-17 18:36:35,947 [INFO] 1 change detected
2025-07-17 18:36:38,129 [INFO] 1 change detected
2025-07-17 18:37:03,919 [INFO] 4 changes detected
2025-07-17 18:37:05,266 [INFO] 1 change detected
2025-07-17 18:37:06,603 [INFO] 1 change detected
2025-07-17 18:37:11,093 [INFO] 6 changes detected
2025-07-17 18:37:12,939 [INFO] 1 change detected
2025-07-17 18:37:17,521 [INFO] 1 change detected
2025-07-17 18:37:36,743 [INFO] 8 changes detected
2025-07-17 18:37:37,943 [INFO] 2 changes detected
2025-07-17 18:37:39,373 [INFO] 1 change detected
2025-07-17 18:37:43,606 [INFO] 11 changes detected
2025-07-17 18:37:45,452 [INFO] 1 change detected
2025-07-17 18:38:05,326 [INFO] 1 change detected
2025-07-17 18:38:57,389 [INFO] 8 changes detected
2025-07-17 18:38:59,029 [INFO] 2 changes detected
2025-07-17 18:39:00,557 [INFO] 1 change detected
2025-07-17 18:39:01,375 [INFO] 1 change detected
2025-07-17 18:39:05,395 [INFO] 11 changes detected
2025-07-17 18:39:07,022 [INFO] 1 change detected
2025-07-17 18:39:08,404 [INFO] 1 change detected
2025-07-17 18:39:12,061 [INFO] Executing query: how many objects have a python content
2025-07-17 18:39:13,095 [INFO] 1 change detected
2025-07-17 18:39:15,672 [INFO] Initializing MongoDB connection
2025-07-17 18:39:15,749 [INFO] MongoDB connection successful - 7 documents in NL2SQL
2025-07-17 18:39:15,752 [INFO] Creating optimized query generation prompt
2025-07-17 18:39:15,753 [INFO] Query prompt template created successfully
2025-07-17 18:39:15,754 [INFO] Generating MongoDB aggregation pipeline
2025-07-17 18:39:16,452 [INFO] Anonymized telemetry enabled. See                     https://docs.trychroma.com/telemetry for more information.
2025-07-17 18:39:17,785 [INFO] HTTP Request: POST https://slideoo-editor-chatbot.openai.azure.com/openai/deployments/Text-Analytics/embeddings?api-version=2024-02-01 "HTTP/1.1 200 OK"
2025-07-17 18:39:18,307 [INFO] HTTP Request: POST https://slideoo-editor-chatbot.openai.azure.com/openai/deployments/Text-Analytics/embeddings?api-version=2024-02-01 "HTTP/1.1 200 OK"
2025-07-17 18:39:19,643 [INFO] HTTP Request: POST https://slideoo-editor-chatbot.openai.azure.com/openai/deployments/slideoo-chat-1/chat/completions?api-version=2024-02-01 "HTTP/1.1 200 OK"
2025-07-17 18:39:19,655 [INFO] Generated 2 stage pipeline
2025-07-17 18:39:19,657 [INFO] Executing MongoDB aggregation pipeline
2025-07-17 18:39:19,698 [INFO] Query executed successfully - 1 documents returned
2025-07-17 18:39:19,701 [INFO] Generating adaptive conversational response
2025-07-17 18:39:22,431 [INFO] HTTP Request: POST https://slideoo-editor-chatbot.openai.azure.com/openai/deployments/slideoo-chat-1/chat/completions?api-version=2024-02-01 "HTTP/1.1 200 OK"
2025-07-17 18:39:22,435 [INFO] Generated detailed response for 1 results
2025-07-17 18:39:22,438 [INFO] Query executed successfully, returned 1 results
2025-07-17 18:39:27,937 [INFO] 1 change detected
2025-07-17 18:41:09,893 [INFO] 1 change detected
2025-07-17 18:41:12,149 [INFO] 1 change detected
2025-07-17 18:41:24,261 [INFO] 4 changes detected
2025-07-17 18:41:26,081 [INFO] 2 changes detected
2025-07-17 18:41:27,455 [INFO] 1 change detected
2025-07-17 18:41:30,517 [INFO] 1 change detected
2025-07-17 18:41:32,483 [INFO] 6 changes detected
2025-07-17 18:41:34,418 [INFO] 1 change detected
2025-07-17 18:41:39,144 [INFO] 4 changes detected
2025-07-17 18:41:40,301 [INFO] 1 change detected
2025-07-17 18:41:41,479 [INFO] 1 change detected
2025-07-17 18:41:43,581 [INFO] 1 change detected
2025-07-17 18:41:47,030 [INFO] 6 changes detected
2025-07-17 18:41:48,976 [INFO] 1 change detected
2025-07-17 18:42:06,282 [INFO] 4 changes detected
2025-07-17 18:42:07,302 [INFO] 1 change detected
2025-07-17 18:42:08,540 [INFO] 1 change detected
2025-07-17 18:42:12,559 [INFO] 6 changes detected
2025-07-17 18:42:14,242 [INFO] 1 change detected
2025-07-17 18:42:15,619 [INFO] 1 change detected
2025-07-17 18:42:23,181 [INFO] 4 changes detected
2025-07-17 18:42:24,545 [INFO] 1 change detected
2025-07-17 18:42:25,722 [INFO] 1 change detected
2025-07-17 18:42:27,400 [INFO] 1 change detected
2025-07-17 18:42:31,498 [INFO] 6 changes detected
2025-07-17 18:42:33,132 [INFO] 4 changes detected
2025-07-17 18:42:35,144 [INFO] 2 changes detected
2025-07-17 18:42:37,293 [INFO] 1 change detected
2025-07-17 18:42:38,064 [INFO] 1 change detected
2025-07-17 18:42:43,759 [INFO] 6 changes detected
2025-07-17 18:42:45,699 [INFO] 1 change detected
2025-07-17 18:42:51,878 [INFO] 1 change detected
2025-07-17 18:42:53,256 [INFO] 4 changes detected
2025-07-17 18:42:55,125 [INFO] 1 change detected
2025-07-17 18:42:56,202 [INFO] 1 change detected
2025-07-17 18:42:56,587 [INFO] 1 change detected
2025-07-17 18:43:02,368 [INFO] 6 changes detected
2025-07-17 18:43:02,935 [INFO] 1 change detected
2025-07-17 18:43:05,044 [INFO] Executing query: how many objects have a python content
2025-07-17 18:43:05,052 [INFO] 1 change detected
2025-07-17 18:43:08,245 [INFO] Initializing MongoDB connection
2025-07-17 18:43:08,298 [INFO] MongoDB connection successful - 7 documents in NL2SQL
2025-07-17 18:43:08,300 [INFO] Creating optimized query generation prompt
2025-07-17 18:43:08,301 [INFO] Query prompt template created successfully
2025-07-17 18:43:08,302 [INFO] Generating MongoDB aggregation pipeline
2025-07-17 18:43:08,904 [INFO] Anonymized telemetry enabled. See                     https://docs.trychroma.com/telemetry for more information.
2025-07-17 18:43:09,752 [INFO] HTTP Request: POST https://slideoo-editor-chatbot.openai.azure.com/openai/deployments/Text-Analytics/embeddings?api-version=2024-02-01 "HTTP/1.1 200 OK"
2025-07-17 18:43:10,002 [INFO] HTTP Request: POST https://slideoo-editor-chatbot.openai.azure.com/openai/deployments/Text-Analytics/embeddings?api-version=2024-02-01 "HTTP/1.1 200 OK"
2025-07-17 18:43:11,064 [INFO] HTTP Request: POST https://slideoo-editor-chatbot.openai.azure.com/openai/deployments/slideoo-chat-1/chat/completions?api-version=2024-02-01 "HTTP/1.1 200 OK"
2025-07-17 18:43:11,082 [INFO] Generated 2 stage pipeline
2025-07-17 18:43:11,084 [INFO] Executing MongoDB aggregation pipeline
2025-07-17 18:43:11,114 [INFO] Query executed successfully - 1 documents returned
2025-07-17 18:43:11,117 [INFO] Generating adaptive conversational response
2025-07-17 18:43:11,736 [INFO] HTTP Request: POST https://slideoo-editor-chatbot.openai.azure.com/openai/deployments/slideoo-chat-1/chat/completions?api-version=2024-02-01 "HTTP/1.1 200 OK"
2025-07-17 18:43:11,738 [INFO] Generated detailed response for 1 results
2025-07-17 18:43:11,739 [INFO] Query executed successfully, returned 1 results
2025-07-17 18:43:13,864 [INFO] 1 change detected
2025-07-17 19:31:15,462 [INFO] 1 change detected
2025-07-17 19:31:18,584 [INFO] 1 change detected
2025-07-17 19:31:20,834 [INFO] 1 change detected
2025-07-17 19:31:22,045 [INFO] 1 change detected
2025-07-17 19:34:56,779 [INFO] 1 change detected
2025-07-17 19:35:00,767 [INFO] 1 change detected
2025-07-17 19:35:05,738 [INFO] 7 changes detected
